training_set,ext_test_set,model,seed,test_set_scope,n,positives,negatives,auroc,aupr1,bg_aupr1
algpred2,bydate_1_WH,rf_esm2,0,remove_algpred2_training_overlap,3700,48,3652,0.934091479554582,0.514616919174135,0.012972972972973
algpred2,bydate_1_WH,rf_esm2,0,remove_allergenfp_training_overlap,3699,47,3652,0.933332944932535,0.519950787308514,0.012706136793728
algpred2,bydate_1_WH,rf_esm2,0,remove_allertop_training_overlap,3698,46,3652,0.936550550026192,0.531076024310837,0.0124391563007031
algpred2,bydate_1_WH,rf_esm2,0,remove_allertopv2_training_overlap,3699,47,3652,0.933332944932535,0.519950787308514,0.012706136793728
algpred2,bydate_1_WH,rf_esm2,0,remove_deepalgpro_training_overlap,3636,28,3608,0.93790089483687,0.48267091598913,0.0077007700770077
algpred2,bydate_1_WH,rf_esm2,0,remove_plm4alg_training_overlap,2356,14,2342,0.903135293400024,0.12907115324199,0.0059422750424448
algpred2,bydate_1_WH,rf_t5,0,remove_algpred2_training_overlap,3700,48,3652,0.947531603687477,0.565486844405139,0.012972972972973
algpred2,bydate_1_WH,rf_t5,0,remove_allergenfp_training_overlap,3699,47,3652,0.947041551117429,0.571315948528877,0.012706136793728
algpred2,bydate_1_WH,rf_t5,0,remove_allertop_training_overlap,3698,46,3652,0.950235725510739,0.582466693719282,0.0124391563007031
algpred2,bydate_1_WH,rf_t5,0,remove_allertopv2_training_overlap,3699,47,3652,0.947041551117429,0.571315948528877,0.012706136793728
algpred2,bydate_1_WH,rf_t5,0,remove_deepalgpro_training_overlap,3636,28,3608,0.975391986062718,0.581249638340171,0.0077007700770077
algpred2,bydate_1_WH,rf_t5,0,remove_plm4alg_training_overlap,2356,14,2342,0.946062583872148,0.214910741430291,0.0059422750424448
algpred2,bydate_1_WH,rf_xtrimopglm_100b,0,remove_algpred2_training_overlap,3700,48,3652,0.925243587988317,0.513144108773372,0.012972972972973
algpred2,bydate_1_WH,rf_xtrimopglm_100b,0,remove_allergenfp_training_overlap,3699,47,3652,0.924002586749318,0.515919395694467,0.012706136793728
algpred2,bydate_1_WH,rf_xtrimopglm_100b,0,remove_allertop_training_overlap,3698,46,3652,0.938684580218106,0.527197031710113,0.0124391563007031
algpred2,bydate_1_WH,rf_xtrimopglm_100b,0,remove_allertopv2_training_overlap,3699,47,3652,0.924002586749318,0.515919395694467,0.012706136793728
algpred2,bydate_1_WH,rf_xtrimopglm_100b,0,remove_deepalgpro_training_overlap,3636,28,3608,0.949561490338929,0.498173696143759,0.0077007700770077
algpred2,bydate_1_WH,rf_xtrimopglm_100b,0,remove_plm4alg_training_overlap,2356,14,2342,0.921465170184214,0.138307445662335,0.0059422750424448
algpred2,bydate_1_WH,rf_xtrimopglm_10b,0,remove_algpred2_training_overlap,3700,48,3652,0.94983912924425,0.586789112604849,0.012972972972973
algpred2,bydate_1_WH,rf_xtrimopglm_10b,0,remove_allergenfp_training_overlap,3699,47,3652,0.949162219477523,0.590818060307361,0.012706136793728
algpred2,bydate_1_WH,rf_xtrimopglm_10b,0,remove_allertop_training_overlap,3698,46,3652,0.953539454259727,0.602909725571223,0.0124391563007031
algpred2,bydate_1_WH,rf_xtrimopglm_10b,0,remove_allertopv2_training_overlap,3699,47,3652,0.949162219477523,0.590818060307361,0.012706136793728
algpred2,bydate_1_WH,rf_xtrimopglm_10b,0,remove_deepalgpro_training_overlap,3636,28,3608,0.97248673582515,0.554882983075486,0.0077007700770077
algpred2,bydate_1_WH,rf_xtrimopglm_10b,0,remove_plm4alg_training_overlap,2356,14,2342,0.944141149200927,0.201711909189744,0.0059422750424448
algpred2,bydate_2_CO,rf_esm2,0,remove_algpred2_training_overlap,3744,92,3652,0.944623851135768,0.609476122403959,0.0245726495726496
algpred2,bydate_2_CO,rf_esm2,0,remove_allergenfp_training_overlap,3749,97,3652,0.941955262474453,0.602290044330919,0.0258735662843425
algpred2,bydate_2_CO,rf_esm2,0,remove_allertop_training_overlap,3748,96,3652,0.941601633807959,0.597374444809833,0.0256136606189968
algpred2,bydate_2_CO,rf_esm2,0,remove_allertopv2_training_overlap,3747,95,3652,0.940733268000231,0.589891535088014,0.0253536162263144
algpred2,bydate_2_CO,rf_esm2,0,remove_deepalgpro_training_overlap,3640,32,3608,0.950899043791574,0.449185382236576,0.0087912087912087
algpred2,bydate_2_CO,rf_esm2,0,remove_plm4alg_training_overlap,2342,0,2342,,,
algpred2,bydate_2_CO,rf_t5,0,remove_algpred2_training_overlap,3744,92,3652,0.956797049859517,0.635680833116994,0.0245726495726496
algpred2,bydate_2_CO,rf_t5,0,remove_allergenfp_training_overlap,3749,97,3652,0.956315421009248,0.627854965010677,0.0258735662843425
algpred2,bydate_2_CO,rf_t5,0,remove_allertop_training_overlap,3748,96,3652,0.955876061062432,0.621964503103125,0.0256136606189968
algpred2,bydate_2_CO,rf_t5,0,remove_allertopv2_training_overlap,3747,95,3652,0.955395745662074,0.615886206335692,0.0253536162263144
algpred2,bydate_2_CO,rf_t5,0,remove_deepalgpro_training_overlap,3640,32,3608,0.936231118348115,0.472961545960933,0.0087912087912087
algpred2,bydate_2_CO,rf_t5,0,remove_plm4alg_training_overlap,2342,0,2342,,,
algpred2,bydate_2_CO,rf_xtrimopglm_100b,0,remove_algpred2_training_overlap,3744,92,3652,0.947665662650602,0.632217120559026,0.0245726495726496
algpred2,bydate_2_CO,rf_xtrimopglm_100b,0,remove_allergenfp_training_overlap,3749,97,3652,0.948759894310137,0.632276143880193,0.0258735662843425
algpred2,bydate_2_CO,rf_xtrimopglm_100b,0,remove_allertop_training_overlap,3748,96,3652,0.948425805494706,0.627216022894526,0.0256136606189968
algpred2,bydate_2_CO,rf_xtrimopglm_100b,0,remove_allertopv2_training_overlap,3747,95,3652,0.947681155242981,0.620775879432206,0.0253536162263144
algpred2,bydate_2_CO,rf_xtrimopglm_100b,0,remove_deepalgpro_training_overlap,3640,32,3608,0.916292786862528,0.485265896103645,0.0087912087912087
algpred2,bydate_2_CO,rf_xtrimopglm_100b,0,remove_plm4alg_training_overlap,2342,0,2342,,,
algpred2,bydate_2_CO,rf_xtrimopglm_10b,0,remove_algpred2_training_overlap,3744,92,3652,0.937997047478451,0.639268568719225,0.0245726495726496
algpred2,bydate_2_CO,rf_xtrimopglm_10b,0,remove_allergenfp_training_overlap,3749,97,3652,0.93872161560958,0.633588442855543,0.0258735662843425
algpred2,bydate_2_CO,rf_xtrimopglm_10b,0,remove_allertop_training_overlap,3748,96,3652,0.938274404435926,0.628577526099363,0.0256136606189968
algpred2,bydate_2_CO,rf_xtrimopglm_10b,0,remove_allertopv2_training_overlap,3747,95,3652,0.937431544359255,0.622475434459563,0.0253536162263144
algpred2,bydate_2_CO,rf_xtrimopglm_10b,0,remove_deepalgpro_training_overlap,3640,32,3608,0.889711231984479,0.465467447326595,0.0087912087912087
algpred2,bydate_2_CO,rf_xtrimopglm_10b,0,remove_plm4alg_training_overlap,2342,0,2342,,,
algpred2,bydate_3_AO,rf_esm2,0,remove_algpred2_training_overlap,3710,58,3652,0.912258752879858,0.535529727240654,0.015633423180593
algpred2,bydate_3_AO,rf_esm2,0,remove_allergenfp_training_overlap,3712,60,3652,0.915206279664111,0.555918291625129,0.0161637931034483
algpred2,bydate_3_AO,rf_esm2,0,remove_allertop_training_overlap,3711,59,3652,0.914024356284924,0.548467856163237,0.0158986796011857
algpred2,bydate_3_AO,rf_esm2,0,remove_allertopv2_training_overlap,3711,59,3652,0.913778380084282,0.547580865977704,0.0158986796011857
algpred2,bydate_3_AO,rf_esm2,0,remove_deepalgpro_training_overlap,3622,14,3608,0.90897212543554,0.35786387478266,0.0038652678078409
algpred2,bydate_3_AO,rf_esm2,0,remove_plm4alg_training_overlap,2342,0,2342,,,
algpred2,bydate_3_AO,rf_t5,0,remove_algpred2_training_overlap,3710,58,3652,0.947586584582846,0.667706603225552,0.015633423180593
algpred2,bydate_3_AO,rf_t5,0,remove_allergenfp_training_overlap,3712,60,3652,0.949370208105148,0.684345218163018,0.0161637931034483
algpred2,bydate_3_AO,rf_t5,0,remove_allertop_training_overlap,3711,59,3652,0.94853992240147,0.677100465806217,0.0158986796011857
algpred2,bydate_3_AO,rf_t5,0,remove_allertopv2_training_overlap,3711,59,3652,0.948516717099523,0.6770953248826,0.0158986796011857
algpred2,bydate_3_AO,rf_t5,0,remove_deepalgpro_training_overlap,3622,14,3608,0.963701694646817,0.498094011339536,0.0038652678078409
algpred2,bydate_3_AO,rf_t5,0,remove_plm4alg_training_overlap,2342,0,2342,,,
algpred2,bydate_3_AO,rf_xtrimopglm_100b,0,remove_algpred2_training_overlap,3710,58,3652,0.938083053215999,0.603330288939182,0.015633423180593
algpred2,bydate_3_AO,rf_xtrimopglm_100b,0,remove_allergenfp_training_overlap,3712,60,3652,0.94017433369843,0.621599535433957,0.0161637931034483
algpred2,bydate_3_AO,rf_xtrimopglm_100b,0,remove_allertop_training_overlap,3711,59,3652,0.939355263890694,0.61415114035861,0.0158986796011857
algpred2,bydate_3_AO,rf_xtrimopglm_100b,0,remove_allertopv2_training_overlap,3711,59,3652,0.939164980414725,0.613582865226518,0.0158986796011857
algpred2,bydate_3_AO,rf_xtrimopglm_100b,0,remove_deepalgpro_training_overlap,3622,14,3608,0.939786585365854,0.475606144513893,0.0038652678078409
algpred2,bydate_3_AO,rf_xtrimopglm_100b,0,remove_plm4alg_training_overlap,2342,0,2342,,,
algpred2,bydate_3_AO,rf_xtrimopglm_10b,0,remove_algpred2_training_overlap,3710,58,3652,0.947572421346829,0.670515835980396,0.015633423180593
algpred2,bydate_3_AO,rf_xtrimopglm_10b,0,remove_allergenfp_training_overlap,3712,60,3652,0.949361080686382,0.685935680257007,0.0161637931034483
algpred2,bydate_3_AO,rf_xtrimopglm_10b,0,remove_allertop_training_overlap,3711,59,3652,0.948630423079065,0.678730419026863,0.0158986796011857
algpred2,bydate_3_AO,rf_xtrimopglm_10b,0,remove_allertopv2_training_overlap,3711,59,3652,0.948502793918354,0.678417019318436,0.0158986796011857
algpred2,bydate_3_AO,rf_xtrimopglm_10b,0,remove_deepalgpro_training_overlap,3622,14,3608,0.971482024073487,0.581897073877784,0.0038652678078409
algpred2,bydate_3_AO,rf_xtrimopglm_10b,0,remove_plm4alg_training_overlap,2342,0,2342,,,
algpred2,homolog_A,rf_esm2,0,remove_algpred2_training_overlap,24,10,14,0.178571428571429,0.276881336755984,0.416666666666667
algpred2,homolog_A,rf_esm2,0,remove_allergenfp_training_overlap,20,7,13,0.21978021978022,0.236370383402993,0.35
algpred2,homolog_A,rf_esm2,0,remove_allertop_training_overlap,22,8,14,0.196428571428571,0.241521031376733,0.363636363636364
algpred2,homolog_A,rf_esm2,0,remove_allertopv2_training_overlap,20,7,13,0.21978021978022,0.236370383402993,0.35
algpred2,homolog_A,rf_esm2,0,remove_deepalgpro_training_overlap,15,2,13,0.192307692307692,0.0832142087739249,0.133333333333333
algpred2,homolog_A,rf_esm2,0,remove_plm4alg_training_overlap,7,0,7,,,
algpred2,homolog_A,rf_t5,0,remove_algpred2_training_overlap,24,10,14,0.557142857142857,0.410206280673992,0.416666666666667
algpred2,homolog_A,rf_t5,0,remove_allergenfp_training_overlap,20,7,13,0.56043956043956,0.356217641602146,0.35
algpred2,homolog_A,rf_t5,0,remove_allertop_training_overlap,22,8,14,0.544642857142857,0.357443523342199,0.363636363636364
algpred2,homolog_A,rf_t5,0,remove_allertopv2_training_overlap,20,7,13,0.56043956043956,0.356217641602146,0.35
algpred2,homolog_A,rf_t5,0,remove_deepalgpro_training_overlap,15,2,13,0.576923076923077,0.143601930141546,0.133333333333333
algpred2,homolog_A,rf_t5,0,remove_plm4alg_training_overlap,7,0,7,,,
algpred2,homolog_A,rf_xtrimopglm_100b,0,remove_algpred2_training_overlap,24,10,14,0.825,0.681453419108996,0.416666666666667
algpred2,homolog_A,rf_xtrimopglm_100b,0,remove_allergenfp_training_overlap,20,7,13,0.774725274725275,0.572387834713734,0.35
algpred2,homolog_A,rf_xtrimopglm_100b,0,remove_allertop_training_overlap,22,8,14,0.799107142857143,0.615093274849037,0.363636363636364
algpred2,homolog_A,rf_xtrimopglm_100b,0,remove_allertopv2_training_overlap,20,7,13,0.774725274725275,0.572387834713734,0.35
algpred2,homolog_A,rf_xtrimopglm_100b,0,remove_deepalgpro_training_overlap,15,2,13,0.923076923076923,0.450693855665945,0.133333333333333
algpred2,homolog_A,rf_xtrimopglm_100b,0,remove_plm4alg_training_overlap,7,0,7,,,
algpred2,homolog_A,rf_xtrimopglm_10b,0,remove_algpred2_training_overlap,24,10,14,0.642857142857143,0.48721129776564,0.416666666666667
algpred2,homolog_A,rf_xtrimopglm_10b,0,remove_allergenfp_training_overlap,20,7,13,0.659340659340659,0.447515588330696,0.35
algpred2,homolog_A,rf_xtrimopglm_10b,0,remove_allertop_training_overlap,22,8,14,0.669642857142857,0.464135605189547,0.363636363636364
algpred2,homolog_A,rf_xtrimopglm_10b,0,remove_allertopv2_training_overlap,20,7,13,0.659340659340659,0.447515588330696,0.35
algpred2,homolog_A,rf_xtrimopglm_10b,0,remove_deepalgpro_training_overlap,15,2,13,0.692307692307692,0.193940714018268,0.133333333333333
algpred2,homolog_A,rf_xtrimopglm_10b,0,remove_plm4alg_training_overlap,7,0,7,,,
algpred2,homolog_C,rf_esm2,0,remove_algpred2_training_overlap,224,3,221,0.986425339366516,0.738965869031111,0.0133928571428571
algpred2,homolog_C,rf_esm2,0,remove_allergenfp_training_overlap,219,2,217,1.0,1.0,0.0091324200913242
algpred2,homolog_C,rf_esm2,0,remove_allertop_training_overlap,227,4,223,0.989910313901345,0.819903907734543,0.0176211453744493
algpred2,homolog_C,rf_esm2,0,remove_allertopv2_training_overlap,219,2,217,1.0,1.0,0.0091324200913242
algpred2,homolog_C,rf_esm2,0,remove_deepalgpro_training_overlap,221,1,220,1.0,1.0,0.004524886877828
algpred2,homolog_C,rf_esm2,0,remove_plm4alg_training_overlap,116,0,116,,,
algpred2,homolog_C,rf_t5,0,remove_algpred2_training_overlap,224,3,221,0.936651583710407,0.68538001807118,0.0133928571428571
algpred2,homolog_C,rf_t5,0,remove_allergenfp_training_overlap,219,2,217,1.0,1.0,0.0091324200913242
algpred2,homolog_C,rf_t5,0,remove_allertop_training_overlap,227,4,223,0.952914798206278,0.769221479452862,0.0176211453744493
algpred2,homolog_C,rf_t5,0,remove_allertopv2_training_overlap,219,2,217,1.0,1.0,0.0091324200913242
algpred2,homolog_C,rf_t5,0,remove_deepalgpro_training_overlap,221,1,220,1.0,1.0,0.004524886877828
algpred2,homolog_C,rf_t5,0,remove_plm4alg_training_overlap,116,0,116,,,
algpred2,homolog_C,rf_xtrimopglm_100b,0,remove_algpred2_training_overlap,224,3,221,0.992458521870287,0.777447678959129,0.0133928571428571
algpred2,homolog_C,rf_xtrimopglm_100b,0,remove_allergenfp_training_overlap,219,2,217,1.0,1.0,0.0091324200913242
algpred2,homolog_C,rf_xtrimopglm_100b,0,remove_allertop_training_overlap,227,4,223,0.994394618834081,0.852771205429521,0.0176211453744493
algpred2,homolog_C,rf_xtrimopglm_100b,0,remove_allertopv2_training_overlap,219,2,217,1.0,1.0,0.0091324200913242
algpred2,homolog_C,rf_xtrimopglm_100b,0,remove_deepalgpro_training_overlap,221,1,220,1.0,1.0,0.004524886877828
algpred2,homolog_C,rf_xtrimopglm_100b,0,remove_plm4alg_training_overlap,116,0,116,,,
algpred2,homolog_C,rf_xtrimopglm_10b,0,remove_algpred2_training_overlap,224,3,221,0.993966817496229,0.794465760230322,0.0133928571428571
algpred2,homolog_C,rf_xtrimopglm_10b,0,remove_allergenfp_training_overlap,219,2,217,1.0,1.0,0.0091324200913242
algpred2,homolog_C,rf_xtrimopglm_10b,0,remove_allertop_training_overlap,227,4,223,0.995515695067265,0.866468607375477,0.0176211453744493
algpred2,homolog_C,rf_xtrimopglm_10b,0,remove_allertopv2_training_overlap,219,2,217,1.0,1.0,0.0091324200913242
algpred2,homolog_C,rf_xtrimopglm_10b,0,remove_deepalgpro_training_overlap,221,1,220,1.0,1.0,0.004524886877828
algpred2,homolog_C,rf_xtrimopglm_10b,0,remove_plm4alg_training_overlap,116,0,116,,,
algpred2,homolog_S,rf_esm2,0,remove_algpred2_training_overlap,417,12,405,0.972119341563786,0.364474570132282,0.0287769784172662
algpred2,homolog_S,rf_esm2,0,remove_allergenfp_training_overlap,412,0,412,,,
algpred2,homolog_S,rf_esm2,0,remove_allertop_training_overlap,416,0,416,,,
algpred2,homolog_S,rf_esm2,0,remove_allertopv2_training_overlap,412,0,412,,,
algpred2,homolog_S,rf_esm2,0,remove_deepalgpro_training_overlap,408,4,404,0.991955445544555,0.698697827753779,0.0098039215686274
algpred2,homolog_S,rf_esm2,0,remove_plm4alg_training_overlap,141,0,141,,,
algpred2,homolog_S,rf_t5,0,remove_algpred2_training_overlap,417,12,405,0.947942386831276,0.407202186600771,0.0287769784172662
algpred2,homolog_S,rf_t5,0,remove_allergenfp_training_overlap,412,0,412,,,
algpred2,homolog_S,rf_t5,0,remove_allertop_training_overlap,416,0,416,,,
algpred2,homolog_S,rf_t5,0,remove_allertopv2_training_overlap,412,0,412,,,
algpred2,homolog_S,rf_t5,0,remove_deepalgpro_training_overlap,408,4,404,0.986386138613861,0.784286077656954,0.0098039215686274
algpred2,homolog_S,rf_t5,0,remove_plm4alg_training_overlap,141,0,141,,,
algpred2,homolog_S,rf_xtrimopglm_100b,0,remove_algpred2_training_overlap,417,12,405,0.961111111111111,0.383788019466977,0.0287769784172662
algpred2,homolog_S,rf_xtrimopglm_100b,0,remove_allergenfp_training_overlap,412,0,412,,,
algpred2,homolog_S,rf_xtrimopglm_100b,0,remove_allertop_training_overlap,416,0,416,,,
algpred2,homolog_S,rf_xtrimopglm_100b,0,remove_allertopv2_training_overlap,412,0,412,,,
algpred2,homolog_S,rf_xtrimopglm_100b,0,remove_deepalgpro_training_overlap,408,4,404,0.989480198019802,0.685676144579361,0.0098039215686274
algpred2,homolog_S,rf_xtrimopglm_100b,0,remove_plm4alg_training_overlap,141,0,141,,,
algpred2,homolog_S,rf_xtrimopglm_10b,0,remove_algpred2_training_overlap,417,12,405,0.960288065843621,0.313195796807218,0.0287769784172662
algpred2,homolog_S,rf_xtrimopglm_10b,0,remove_allergenfp_training_overlap,412,0,412,,,
algpred2,homolog_S,rf_xtrimopglm_10b,0,remove_allertop_training_overlap,416,0,416,,,
algpred2,homolog_S,rf_xtrimopglm_10b,0,remove_allertopv2_training_overlap,412,0,412,,,
algpred2,homolog_S,rf_xtrimopglm_10b,0,remove_deepalgpro_training_overlap,408,4,404,0.983910891089109,0.610527374421445,0.0098039215686274
algpred2,homolog_S,rf_xtrimopglm_10b,0,remove_plm4alg_training_overlap,141,0,141,,,
algpred2,homolog_T,rf_esm2,0,remove_algpred2_training_overlap,45,3,42,0.670634920634921,0.610694274984795,0.0666666666666667
algpred2,homolog_T,rf_esm2,0,remove_allergenfp_training_overlap,41,3,38,1.0,1.0,0.0731707317073171
algpred2,homolog_T,rf_esm2,0,remove_allertop_training_overlap,55,3,52,0.974358974358974,0.730178337670575,0.0545454545454545
algpred2,homolog_T,rf_esm2,0,remove_allertopv2_training_overlap,39,3,36,1.0,1.0,0.0769230769230769
algpred2,homolog_T,rf_esm2,0,remove_deepalgpro_training_overlap,43,1,42,1.0,1.0,0.0232558139534884
algpred2,homolog_T,rf_esm2,0,remove_plm4alg_training_overlap,29,0,29,,,
algpred2,homolog_T,rf_t5,0,remove_algpred2_training_overlap,45,3,42,0.698412698412698,0.322090066938169,0.0666666666666667
algpred2,homolog_T,rf_t5,0,remove_allergenfp_training_overlap,41,3,38,0.947368421052632,0.483564618555315,0.0731707317073171
algpred2,homolog_T,rf_t5,0,remove_allertop_training_overlap,55,3,52,0.871794871794872,0.193460522645673,0.0545454545454545
algpred2,homolog_T,rf_t5,0,remove_allertopv2_training_overlap,39,3,36,0.944444444444444,0.483564618555315,0.0769230769230769
algpred2,homolog_T,rf_t5,0,remove_deepalgpro_training_overlap,43,1,42,1.0,1.0,0.0232558139534884
algpred2,homolog_T,rf_t5,0,remove_plm4alg_training_overlap,29,0,29,,,
algpred2,homolog_T,rf_xtrimopglm_100b,0,remove_algpred2_training_overlap,45,3,42,0.73015873015873,0.689478292534703,0.0666666666666667
algpred2,homolog_T,rf_xtrimopglm_100b,0,remove_allergenfp_training_overlap,41,3,38,0.978070175438597,0.602284273146685,0.0731707317073171
algpred2,homolog_T,rf_xtrimopglm_100b,0,remove_allertop_training_overlap,55,3,52,0.983974358974359,0.602284273146685,0.0545454545454545
algpred2,homolog_T,rf_xtrimopglm_100b,0,remove_allertopv2_training_overlap,39,3,36,0.976851851851852,0.602284273146685,0.0769230769230769
algpred2,homolog_T,rf_xtrimopglm_100b,0,remove_deepalgpro_training_overlap,43,1,42,1.0,1.0,0.0232558139534884
algpred2,homolog_T,rf_xtrimopglm_100b,0,remove_plm4alg_training_overlap,29,0,29,,,
algpred2,homolog_T,rf_xtrimopglm_10b,0,remove_algpred2_training_overlap,45,3,42,0.69047619047619,0.686731829472214,0.0666666666666667
algpred2,homolog_T,rf_xtrimopglm_10b,0,remove_allergenfp_training_overlap,41,3,38,0.995614035087719,0.948857863426658,0.0731707317073171
algpred2,homolog_T,rf_xtrimopglm_10b,0,remove_allertop_training_overlap,55,3,52,0.987179487179487,0.800786492702842,0.0545454545454545
algpred2,homolog_T,rf_xtrimopglm_10b,0,remove_allertopv2_training_overlap,39,3,36,0.99537037037037,0.948857863426658,0.0769230769230769
algpred2,homolog_T,rf_xtrimopglm_10b,0,remove_deepalgpro_training_overlap,43,1,42,1.0,1.0,0.0232558139534884
algpred2,homolog_T,rf_xtrimopglm_10b,0,remove_plm4alg_training_overlap,29,0,29,,,
algpred2,mutations,rf_esm2,0,remove_algpred2_training_overlap,53,11,42,0.727272727272727,0.329519176325542,0.207547169811321
algpred2,mutations,rf_esm2,0,remove_allergenfp_training_overlap,43,8,35,0.764285714285714,0.305133518996385,0.186046511627907
algpred2,mutations,rf_esm2,0,remove_allertop_training_overlap,39,6,33,0.767676767676768,0.256901975377271,0.153846153846154
algpred2,mutations,rf_esm2,0,remove_allertopv2_training_overlap,39,6,33,0.767676767676768,0.256901975377271,0.153846153846154
algpred2,mutations,rf_esm2,0,remove_deepalgpro_training_overlap,54,12,42,0.768849206349206,0.411602780685602,0.222222222222222
algpred2,mutations,rf_esm2,0,remove_plm4alg_training_overlap,42,6,36,0.775462962962963,0.275770974830207,0.142857142857143
algpred2,mutations,rf_t5,0,remove_algpred2_training_overlap,53,11,42,0.728354978354978,0.383945892072421,0.207547169811321
algpred2,mutations,rf_t5,0,remove_allergenfp_training_overlap,43,8,35,0.753571428571429,0.347178572934685,0.186046511627907
algpred2,mutations,rf_t5,0,remove_allertop_training_overlap,39,6,33,0.717171717171717,0.237968358739527,0.153846153846154
algpred2,mutations,rf_t5,0,remove_allertopv2_training_overlap,39,6,33,0.717171717171717,0.237968358739527,0.153846153846154
algpred2,mutations,rf_t5,0,remove_deepalgpro_training_overlap,54,12,42,0.753968253968254,0.44969492136219,0.222222222222222
algpred2,mutations,rf_t5,0,remove_plm4alg_training_overlap,42,6,36,0.694444444444444,0.205390238893514,0.142857142857143
algpred2,mutations,rf_xtrimopglm_100b,0,remove_algpred2_training_overlap,53,11,42,0.813852813852814,0.575036357252252,0.207547169811321
algpred2,mutations,rf_xtrimopglm_100b,0,remove_allergenfp_training_overlap,43,8,35,0.857142857142857,0.53561861646486,0.186046511627907
algpred2,mutations,rf_xtrimopglm_100b,0,remove_allertop_training_overlap,39,6,33,0.838383838383838,0.344634410839329,0.153846153846154
algpred2,mutations,rf_xtrimopglm_100b,0,remove_allertopv2_training_overlap,39,6,33,0.838383838383838,0.344634410839329,0.153846153846154
algpred2,mutations,rf_xtrimopglm_100b,0,remove_deepalgpro_training_overlap,54,12,42,0.862103174603175,0.653980515852235,0.222222222222222
algpred2,mutations,rf_xtrimopglm_100b,0,remove_plm4alg_training_overlap,42,6,36,0.875,0.414218061027095,0.142857142857143
algpred2,mutations,rf_xtrimopglm_10b,0,remove_algpred2_training_overlap,53,11,42,0.857142857142857,0.578881416454227,0.207547169811321
algpred2,mutations,rf_xtrimopglm_10b,0,remove_allergenfp_training_overlap,43,8,35,0.925,0.637813494876163,0.186046511627907
algpred2,mutations,rf_xtrimopglm_10b,0,remove_allertop_training_overlap,39,6,33,0.939393939393939,0.566218385759269,0.153846153846154
algpred2,mutations,rf_xtrimopglm_10b,0,remove_allertopv2_training_overlap,39,6,33,0.939393939393939,0.566218385759269,0.153846153846154
algpred2,mutations,rf_xtrimopglm_10b,0,remove_deepalgpro_training_overlap,54,12,42,0.87797619047619,0.657569755959625,0.222222222222222
algpred2,mutations,rf_xtrimopglm_10b,0,remove_plm4alg_training_overlap,42,6,36,0.935185185185185,0.653623056691156,0.142857142857143
allergenfp,bydate_1_WH,rf_esm2,0,remove_algpred2_training_overlap,3700,48,3652,0.840806407447974,0.362915522744764,0.012972972972973
allergenfp,bydate_1_WH,rf_esm2,0,remove_allergenfp_training_overlap,3699,47,3652,0.837366875626296,0.34782349517104,0.012706136793728
allergenfp,bydate_1_WH,rf_esm2,0,remove_allertop_training_overlap,3698,46,3652,0.836920805752655,0.354689321542771,0.0124391563007031
allergenfp,bydate_1_WH,rf_esm2,0,remove_allertopv2_training_overlap,3699,47,3652,0.837366875626296,0.34782349517104,0.012706136793728
allergenfp,bydate_1_WH,rf_esm2,0,remove_deepalgpro_training_overlap,3636,28,3608,0.810807332910991,0.342399899775082,0.0077007700770077
allergenfp,bydate_1_WH,rf_esm2,0,remove_plm4alg_training_overlap,2356,14,2342,0.673584848115164,0.0277759327717457,0.0059422750424448
allergenfp,bydate_1_WH,rf_t5,0,remove_algpred2_training_overlap,3700,48,3652,0.783674470609712,0.316810232474854,0.012972972972973
allergenfp,bydate_1_WH,rf_t5,0,remove_allergenfp_training_overlap,3699,47,3652,0.77907179977162,0.300844592706414,0.012706136793728
allergenfp,bydate_1_WH,rf_t5,0,remove_allertop_training_overlap,3698,46,3652,0.775025001190533,0.302173129909297,0.0124391563007031
allergenfp,bydate_1_WH,rf_t5,0,remove_allertopv2_training_overlap,3699,47,3652,0.77907179977162,0.300844592706414,0.012706136793728
allergenfp,bydate_1_WH,rf_t5,0,remove_deepalgpro_training_overlap,3636,28,3608,0.740507206208426,0.304243973008598,0.0077007700770077
allergenfp,bydate_1_WH,rf_t5,0,remove_plm4alg_training_overlap,2356,14,2342,0.601180309869464,0.0139216978015113,0.0059422750424448
allergenfp,bydate_1_WH,rf_xtrimopglm_100b,0,remove_algpred2_training_overlap,3700,48,3652,0.731151880248266,0.279072998073664,0.012972972972973
allergenfp,bydate_1_WH,rf_xtrimopglm_100b,0,remove_allergenfp_training_overlap,3699,47,3652,0.72536762135583,0.259788258800546,0.012706136793728
allergenfp,bydate_1_WH,rf_xtrimopglm_100b,0,remove_allertop_training_overlap,3698,46,3652,0.719855707414639,0.253800868414741,0.0124391563007031
allergenfp,bydate_1_WH,rf_xtrimopglm_100b,0,remove_allertopv2_training_overlap,3699,47,3652,0.72536762135583,0.259788258800546,0.012706136793728
allergenfp,bydate_1_WH,rf_xtrimopglm_100b,0,remove_deepalgpro_training_overlap,3636,28,3608,0.691251583782072,0.245869409562341,0.0077007700770077
allergenfp,bydate_1_WH,rf_xtrimopglm_100b,0,remove_plm4alg_training_overlap,2356,14,2342,0.542393558619007,0.0083324149879323,0.0059422750424448
allergenfp,bydate_1_WH,rf_xtrimopglm_10b,0,remove_algpred2_training_overlap,3700,48,3652,0.758554102774735,0.2614632672658,0.012972972972973
allergenfp,bydate_1_WH,rf_xtrimopglm_10b,0,remove_allergenfp_training_overlap,3699,47,3652,0.753370347929435,0.241019479458337,0.012706136793728
allergenfp,bydate_1_WH,rf_xtrimopglm_10b,0,remove_allertop_training_overlap,3698,46,3652,0.75029763322063,0.244515974336964,0.0124391563007031
allergenfp,bydate_1_WH,rf_xtrimopglm_10b,0,remove_allertopv2_training_overlap,3699,47,3652,0.753370347929435,0.241019479458337,0.012706136793728
allergenfp,bydate_1_WH,rf_xtrimopglm_10b,0,remove_deepalgpro_training_overlap,3636,28,3608,0.702635017421603,0.245066005466438,0.0077007700770077
allergenfp,bydate_1_WH,rf_xtrimopglm_10b,0,remove_plm4alg_training_overlap,2356,14,2342,0.542576552397218,0.0112373080439659,0.0059422750424448
allergenfp,bydate_2_CO,rf_esm2,0,remove_algpred2_training_overlap,3744,92,3652,0.906108624220201,0.483545287217988,0.0245726495726496
allergenfp,bydate_2_CO,rf_esm2,0,remove_allergenfp_training_overlap,3749,97,3652,0.899011698151557,0.441427505591802,0.0258735662843425
allergenfp,bydate_2_CO,rf_esm2,0,remove_allertop_training_overlap,3748,96,3652,0.89828062248996,0.433634303915434,0.0256136606189968
allergenfp,bydate_2_CO,rf_esm2,0,remove_allertopv2_training_overlap,3747,95,3652,0.896885628638958,0.423807139385056,0.0253536162263144
allergenfp,bydate_2_CO,rf_esm2,0,remove_deepalgpro_training_overlap,3640,32,3608,0.902997678769401,0.252964735809587,0.0087912087912087
allergenfp,bydate_2_CO,rf_esm2,0,remove_plm4alg_training_overlap,2342,0,2342,,,
allergenfp,bydate_2_CO,rf_t5,0,remove_algpred2_training_overlap,3744,92,3652,0.882604528787085,0.471944463253057,0.0245726495726496
allergenfp,bydate_2_CO,rf_t5,0,remove_allergenfp_training_overlap,3749,97,3652,0.863100010162487,0.420991424364588,0.0258735662843425
allergenfp,bydate_2_CO,rf_t5,0,remove_allertop_training_overlap,3748,96,3652,0.861944938846294,0.41228151878776,0.0256136606189968
allergenfp,bydate_2_CO,rf_t5,0,remove_allertopv2_training_overlap,3747,95,3652,0.860217905113276,0.402723177995051,0.0253536162263144
allergenfp,bydate_2_CO,rf_t5,0,remove_deepalgpro_training_overlap,3640,32,3608,0.90058550443459,0.25403429038636,0.0087912087912087
allergenfp,bydate_2_CO,rf_t5,0,remove_plm4alg_training_overlap,2342,0,2342,,,
allergenfp,bydate_2_CO,rf_xtrimopglm_100b,0,remove_algpred2_training_overlap,3744,92,3652,0.827466486499357,0.350227448656116,0.0245726495726496
allergenfp,bydate_2_CO,rf_xtrimopglm_100b,0,remove_allergenfp_training_overlap,3749,97,3652,0.80694238999108,0.304153690746252,0.0258735662843425
allergenfp,bydate_2_CO,rf_xtrimopglm_100b,0,remove_allertop_training_overlap,3748,96,3652,0.805236571285141,0.286134783631521,0.0256136606189968
allergenfp,bydate_2_CO,rf_xtrimopglm_100b,0,remove_allertopv2_training_overlap,3747,95,3652,0.80287801925405,0.281378717930929,0.0253536162263144
allergenfp,bydate_2_CO,rf_xtrimopglm_100b,0,remove_deepalgpro_training_overlap,3640,32,3608,0.869513061252772,0.150545364150004,0.0087912087912087
allergenfp,bydate_2_CO,rf_xtrimopglm_100b,0,remove_plm4alg_training_overlap,2342,0,2342,,,
allergenfp,bydate_2_CO,rf_xtrimopglm_10b,0,remove_algpred2_training_overlap,3744,92,3652,0.822912698223725,0.342319647542734,0.0245726495726496
allergenfp,bydate_2_CO,rf_xtrimopglm_10b,0,remove_allergenfp_training_overlap,3749,97,3652,0.804262034078206,0.290233037145713,0.0258735662843425
allergenfp,bydate_2_CO,rf_xtrimopglm_10b,0,remove_allertop_training_overlap,3748,96,3652,0.80238140060241,0.27270170476763,0.0256136606189968
allergenfp,bydate_2_CO,rf_xtrimopglm_10b,0,remove_allertopv2_training_overlap,3747,95,3652,0.800146999481178,0.270640087431405,0.0253536162263144
allergenfp,bydate_2_CO,rf_xtrimopglm_10b,0,remove_deepalgpro_training_overlap,3640,32,3608,0.822967190964523,0.149955750371696,0.0087912087912087
allergenfp,bydate_2_CO,rf_xtrimopglm_10b,0,remove_plm4alg_training_overlap,2342,0,2342,,,
allergenfp,bydate_3_AO,rf_esm2,0,remove_algpred2_training_overlap,3710,58,3652,0.841933564980927,0.51380951292042,0.015633423180593
allergenfp,bydate_3_AO,rf_esm2,0,remove_allergenfp_training_overlap,3712,60,3652,0.847104326396495,0.530637542686396,0.0161637931034483
allergenfp,bydate_3_AO,rf_esm2,0,remove_allertop_training_overlap,3711,59,3652,0.844833107468394,0.528981226311911,0.0158986796011857
allergenfp,bydate_3_AO,rf_esm2,0,remove_allertopv2_training_overlap,3711,59,3652,0.844614977630089,0.528692757465412,0.0158986796011857
allergenfp,bydate_3_AO,rf_esm2,0,remove_deepalgpro_training_overlap,3622,14,3608,0.857162654418752,0.322708643836784,0.0038652678078409
allergenfp,bydate_3_AO,rf_esm2,0,remove_plm4alg_training_overlap,2342,0,2342,,,
allergenfp,bydate_3_AO,rf_t5,0,remove_algpred2_training_overlap,3710,58,3652,0.794356894663293,0.487778258546729,0.015633423180593
allergenfp,bydate_3_AO,rf_t5,0,remove_allergenfp_training_overlap,3712,60,3652,0.801166027747353,0.508088488920683,0.0161637931034483
allergenfp,bydate_3_AO,rf_t5,0,remove_allertop_training_overlap,3711,59,3652,0.798018731319732,0.501073848107728,0.0158986796011857
allergenfp,bydate_3_AO,rf_t5,0,remove_allertopv2_training_overlap,3711,59,3652,0.797819165722984,0.501012749002199,0.0158986796011857
allergenfp,bydate_3_AO,rf_t5,0,remove_deepalgpro_training_overlap,3622,14,3608,0.801928254672157,0.217864152281877,0.0038652678078409
allergenfp,bydate_3_AO,rf_t5,0,remove_plm4alg_training_overlap,2342,0,2342,,,
allergenfp,bydate_3_AO,rf_xtrimopglm_100b,0,remove_algpred2_training_overlap,3710,58,3652,0.754886316425577,0.245030325113306,0.015633423180593
allergenfp,bydate_3_AO,rf_xtrimopglm_100b,0,remove_allergenfp_training_overlap,3712,60,3652,0.763011135450894,0.267767984152839,0.0161637931034483
allergenfp,bydate_3_AO,rf_xtrimopglm_100b,0,remove_allertop_training_overlap,3711,59,3652,0.759530417509793,0.265981734063691,0.0158986796011857
allergenfp,bydate_3_AO,rf_xtrimopglm_100b,0,remove_allertopv2_training_overlap,3711,59,3652,0.759224107524087,0.265867388348125,0.0158986796011857
allergenfp,bydate_3_AO,rf_xtrimopglm_100b,0,remove_deepalgpro_training_overlap,3622,14,3608,0.727153943617358,0.0271845363999912,0.0038652678078409
allergenfp,bydate_3_AO,rf_xtrimopglm_100b,0,remove_plm4alg_training_overlap,2342,0,2342,,,
allergenfp,bydate_3_AO,rf_xtrimopglm_10b,0,remove_algpred2_training_overlap,3710,58,3652,0.777606507534842,0.211692200677167,0.015633423180593
allergenfp,bydate_3_AO,rf_xtrimopglm_10b,0,remove_allergenfp_training_overlap,3712,60,3652,0.784802847754655,0.229237869660203,0.0161637931034483
allergenfp,bydate_3_AO,rf_xtrimopglm_10b,0,remove_allertop_training_overlap,3711,59,3652,0.781536005346502,0.224216433872719,0.0158986796011857
allergenfp,bydate_3_AO,rf_xtrimopglm_10b,0,remove_allertopv2_training_overlap,3711,59,3652,0.781262182783522,0.224085859792085,0.0158986796011857
allergenfp,bydate_3_AO,rf_xtrimopglm_10b,0,remove_deepalgpro_training_overlap,3622,14,3608,0.774914871713652,0.0204640485128684,0.0038652678078409
allergenfp,bydate_3_AO,rf_xtrimopglm_10b,0,remove_plm4alg_training_overlap,2342,0,2342,,,
allergenfp,homolog_A,rf_esm2,0,remove_algpred2_training_overlap,24,10,14,0.921428571428571,0.946330819413625,0.416666666666667
allergenfp,homolog_A,rf_esm2,0,remove_allergenfp_training_overlap,20,7,13,0.89010989010989,0.913393397405093,0.35
allergenfp,homolog_A,rf_esm2,0,remove_allertop_training_overlap,22,8,14,0.901785714285714,0.925657570753371,0.363636363636364
allergenfp,homolog_A,rf_esm2,0,remove_allertopv2_training_overlap,20,7,13,0.89010989010989,0.913393397405093,0.35
allergenfp,homolog_A,rf_esm2,0,remove_deepalgpro_training_overlap,15,2,13,1.0,1.0,0.133333333333333
allergenfp,homolog_A,rf_esm2,0,remove_plm4alg_training_overlap,7,0,7,,,
allergenfp,homolog_A,rf_t5,0,remove_algpred2_training_overlap,24,10,14,0.921428571428571,0.946330819413625,0.416666666666667
allergenfp,homolog_A,rf_t5,0,remove_allergenfp_training_overlap,20,7,13,0.89010989010989,0.913393397405093,0.35
allergenfp,homolog_A,rf_t5,0,remove_allertop_training_overlap,22,8,14,0.901785714285714,0.925657570753371,0.363636363636364
allergenfp,homolog_A,rf_t5,0,remove_allertopv2_training_overlap,20,7,13,0.89010989010989,0.913393397405093,0.35
allergenfp,homolog_A,rf_t5,0,remove_deepalgpro_training_overlap,15,2,13,1.0,1.0,0.133333333333333
allergenfp,homolog_A,rf_t5,0,remove_plm4alg_training_overlap,7,0,7,,,
allergenfp,homolog_A,rf_xtrimopglm_100b,0,remove_algpred2_training_overlap,24,10,14,0.832142857142857,0.718733073612883,0.416666666666667
allergenfp,homolog_A,rf_xtrimopglm_100b,0,remove_allergenfp_training_overlap,20,7,13,0.851648351648352,0.728364245024668,0.35
allergenfp,homolog_A,rf_xtrimopglm_100b,0,remove_allertop_training_overlap,22,8,14,0.816964285714286,0.670108524757496,0.363636363636364
allergenfp,homolog_A,rf_xtrimopglm_100b,0,remove_allertopv2_training_overlap,20,7,13,0.851648351648352,0.728364245024668,0.35
allergenfp,homolog_A,rf_xtrimopglm_100b,0,remove_deepalgpro_training_overlap,15,2,13,0.961538461538462,0.797267445945918,0.133333333333333
allergenfp,homolog_A,rf_xtrimopglm_100b,0,remove_plm4alg_training_overlap,7,0,7,,,
allergenfp,homolog_A,rf_xtrimopglm_10b,0,remove_algpred2_training_overlap,24,10,14,0.75,0.672330075308972,0.416666666666667
allergenfp,homolog_A,rf_xtrimopglm_10b,0,remove_allergenfp_training_overlap,20,7,13,0.802197802197802,0.743251140776767,0.35
allergenfp,homolog_A,rf_xtrimopglm_10b,0,remove_allertop_training_overlap,22,8,14,0.776785714285714,0.654788775656528,0.363636363636364
allergenfp,homolog_A,rf_xtrimopglm_10b,0,remove_allertopv2_training_overlap,20,7,13,0.802197802197802,0.743251140776767,0.35
allergenfp,homolog_A,rf_xtrimopglm_10b,0,remove_deepalgpro_training_overlap,15,2,13,0.884615384615385,0.665284673028685,0.133333333333333
allergenfp,homolog_A,rf_xtrimopglm_10b,0,remove_plm4alg_training_overlap,7,0,7,,,
allergenfp,homolog_C,rf_esm2,0,remove_algpred2_training_overlap,224,3,221,1.0,1.0,0.0133928571428571
allergenfp,homolog_C,rf_esm2,0,remove_allergenfp_training_overlap,219,2,217,0.97926267281106,0.571104190880538,0.0091324200913242
allergenfp,homolog_C,rf_esm2,0,remove_allertop_training_overlap,227,4,223,0.989910313901345,0.819903907734543,0.0176211453744493
allergenfp,homolog_C,rf_esm2,0,remove_allertopv2_training_overlap,219,2,217,0.97926267281106,0.571104190880538,0.0091324200913242
allergenfp,homolog_C,rf_esm2,0,remove_deepalgpro_training_overlap,221,1,220,1.0,1.0,0.004524886877828
allergenfp,homolog_C,rf_esm2,0,remove_plm4alg_training_overlap,116,0,116,,,
allergenfp,homolog_C,rf_t5,0,remove_algpred2_training_overlap,224,3,221,0.999245852187029,0.948857863426658,0.0133928571428571
allergenfp,homolog_C,rf_t5,0,remove_allergenfp_training_overlap,219,2,217,0.943548387096774,0.279351442160626,0.0091324200913242
allergenfp,homolog_C,rf_t5,0,remove_allertop_training_overlap,227,4,223,0.96804932735426,0.57130672318925,0.0176211453744493
allergenfp,homolog_C,rf_t5,0,remove_allertopv2_training_overlap,219,2,217,0.943548387096774,0.279351442160626,0.0091324200913242
allergenfp,homolog_C,rf_t5,0,remove_deepalgpro_training_overlap,221,1,220,1.0,1.0,0.004524886877828
allergenfp,homolog_C,rf_t5,0,remove_plm4alg_training_overlap,116,0,116,,,
allergenfp,homolog_C,rf_xtrimopglm_100b,0,remove_algpred2_training_overlap,224,3,221,0.996229260935143,0.833333333333333,0.0133928571428571
allergenfp,homolog_C,rf_xtrimopglm_100b,0,remove_allergenfp_training_overlap,219,2,217,0.919354838709677,0.0987062672711455,0.0091324200913242
allergenfp,homolog_C,rf_xtrimopglm_100b,0,remove_allertop_training_overlap,227,4,223,0.938340807174888,0.395094230442362,0.0176211453744493
allergenfp,homolog_C,rf_xtrimopglm_100b,0,remove_allertopv2_training_overlap,219,2,217,0.919354838709677,0.0987062672711455,0.0091324200913242
allergenfp,homolog_C,rf_xtrimopglm_100b,0,remove_deepalgpro_training_overlap,221,1,220,0.997727272727273,0.5,0.004524886877828
allergenfp,homolog_C,rf_xtrimopglm_100b,0,remove_plm4alg_training_overlap,116,0,116,,,
allergenfp,homolog_C,rf_xtrimopglm_10b,0,remove_algpred2_training_overlap,224,3,221,1.0,1.0,0.0133928571428571
allergenfp,homolog_C,rf_xtrimopglm_10b,0,remove_allergenfp_training_overlap,219,2,217,0.866359447004608,0.512593568824947,0.0091324200913242
allergenfp,homolog_C,rf_xtrimopglm_10b,0,remove_allertop_training_overlap,227,4,223,0.927130044843049,0.579841544957989,0.0176211453744493
allergenfp,homolog_C,rf_xtrimopglm_10b,0,remove_allertopv2_training_overlap,219,2,217,0.866359447004608,0.512593568824947,0.0091324200913242
allergenfp,homolog_C,rf_xtrimopglm_10b,0,remove_deepalgpro_training_overlap,221,1,220,1.0,1.0,0.004524886877828
allergenfp,homolog_C,rf_xtrimopglm_10b,0,remove_plm4alg_training_overlap,116,0,116,,,
allergenfp,homolog_S,rf_esm2,0,remove_algpred2_training_overlap,417,12,405,0.997530864197531,0.957440385581204,0.0287769784172662
allergenfp,homolog_S,rf_esm2,0,remove_allergenfp_training_overlap,412,0,412,,,
allergenfp,homolog_S,rf_esm2,0,remove_allertop_training_overlap,416,0,416,,,
allergenfp,homolog_S,rf_esm2,0,remove_allertopv2_training_overlap,412,0,412,,,
allergenfp,homolog_S,rf_esm2,0,remove_deepalgpro_training_overlap,408,4,404,0.991336633663366,0.799945551560179,0.0098039215686274
allergenfp,homolog_S,rf_esm2,0,remove_plm4alg_training_overlap,141,0,141,,,
allergenfp,homolog_S,rf_t5,0,remove_algpred2_training_overlap,417,12,405,0.997942386831276,0.961233320304256,0.0287769784172662
allergenfp,homolog_S,rf_t5,0,remove_allergenfp_training_overlap,412,0,412,,,
allergenfp,homolog_S,rf_t5,0,remove_allertop_training_overlap,416,0,416,,,
allergenfp,homolog_S,rf_t5,0,remove_allertopv2_training_overlap,412,0,412,,,
allergenfp,homolog_S,rf_t5,0,remove_deepalgpro_training_overlap,408,4,404,0.979579207920792,0.773958462948056,0.0098039215686274
allergenfp,homolog_S,rf_t5,0,remove_plm4alg_training_overlap,141,0,141,,,
allergenfp,homolog_S,rf_xtrimopglm_100b,0,remove_algpred2_training_overlap,417,12,405,0.994855967078189,0.942918803774762,0.0287769784172662
allergenfp,homolog_S,rf_xtrimopglm_100b,0,remove_allergenfp_training_overlap,412,0,412,,,
allergenfp,homolog_S,rf_xtrimopglm_100b,0,remove_allertop_training_overlap,416,0,416,,,
allergenfp,homolog_S,rf_xtrimopglm_100b,0,remove_allertopv2_training_overlap,412,0,412,,,
allergenfp,homolog_S,rf_xtrimopglm_100b,0,remove_deepalgpro_training_overlap,408,4,404,0.978960396039604,0.773319899801629,0.0098039215686274
allergenfp,homolog_S,rf_xtrimopglm_100b,0,remove_plm4alg_training_overlap,141,0,141,,,
allergenfp,homolog_S,rf_xtrimopglm_10b,0,remove_algpred2_training_overlap,417,12,405,0.990946502057613,0.908750410813429,0.0287769784172662
allergenfp,homolog_S,rf_xtrimopglm_10b,0,remove_allergenfp_training_overlap,412,0,412,,,
allergenfp,homolog_S,rf_xtrimopglm_10b,0,remove_allertop_training_overlap,416,0,416,,,
allergenfp,homolog_S,rf_xtrimopglm_10b,0,remove_allertopv2_training_overlap,412,0,412,,,
allergenfp,homolog_S,rf_xtrimopglm_10b,0,remove_deepalgpro_training_overlap,408,4,404,0.970915841584158,0.602307238672209,0.0098039215686274
allergenfp,homolog_S,rf_xtrimopglm_10b,0,remove_plm4alg_training_overlap,141,0,141,,,
allergenfp,homolog_T,rf_esm2,0,remove_algpred2_training_overlap,45,3,42,0.686507936507937,0.188165192753754,0.0666666666666667
allergenfp,homolog_T,rf_esm2,0,remove_allergenfp_training_overlap,41,3,38,0.991228070175439,0.904105975849406,0.0731707317073171
allergenfp,homolog_T,rf_esm2,0,remove_allertop_training_overlap,55,3,52,0.903846153846154,0.215208715183522,0.0545454545454545
allergenfp,homolog_T,rf_esm2,0,remove_allertopv2_training_overlap,39,3,36,0.990740740740741,0.904105975849406,0.0769230769230769
allergenfp,homolog_T,rf_esm2,0,remove_deepalgpro_training_overlap,43,1,42,1.0,1.0,0.0232558139534884
allergenfp,homolog_T,rf_esm2,0,remove_plm4alg_training_overlap,29,0,29,,,
allergenfp,homolog_T,rf_t5,0,remove_algpred2_training_overlap,45,3,42,0.722222222222222,0.688870450708118,0.0666666666666667
allergenfp,homolog_T,rf_t5,0,remove_allergenfp_training_overlap,41,3,38,0.925438596491228,0.742172554936356,0.0731707317073171
allergenfp,homolog_T,rf_t5,0,remove_allertop_training_overlap,55,3,52,0.782051282051282,0.112987569561794,0.0545454545454545
allergenfp,homolog_T,rf_t5,0,remove_allertopv2_training_overlap,39,3,36,0.921296296296296,0.742172554936356,0.0769230769230769
allergenfp,homolog_T,rf_t5,0,remove_deepalgpro_training_overlap,43,1,42,1.0,1.0,0.0232558139534884
allergenfp,homolog_T,rf_t5,0,remove_plm4alg_training_overlap,29,0,29,,,
allergenfp,homolog_T,rf_xtrimopglm_100b,0,remove_algpred2_training_overlap,45,3,42,0.841269841269841,0.703654916194441,0.0666666666666667
allergenfp,homolog_T,rf_xtrimopglm_100b,0,remove_allergenfp_training_overlap,41,3,38,0.986842105263158,0.875902135313833,0.0731707317073171
allergenfp,homolog_T,rf_xtrimopglm_100b,0,remove_allertop_training_overlap,55,3,52,0.977564102564103,0.805293980281566,0.0545454545454545
allergenfp,homolog_T,rf_xtrimopglm_100b,0,remove_allertopv2_training_overlap,39,3,36,0.986111111111111,0.875902135313833,0.0769230769230769
allergenfp,homolog_T,rf_xtrimopglm_100b,0,remove_deepalgpro_training_overlap,43,1,42,1.0,1.0,0.0232558139534884
allergenfp,homolog_T,rf_xtrimopglm_100b,0,remove_plm4alg_training_overlap,29,0,29,,,
allergenfp,homolog_T,rf_xtrimopglm_10b,0,remove_algpred2_training_overlap,45,3,42,0.793650793650794,0.476164314510632,0.0666666666666667
allergenfp,homolog_T,rf_xtrimopglm_10b,0,remove_allergenfp_training_overlap,41,3,38,1.0,1.0,0.0731707317073171
allergenfp,homolog_T,rf_xtrimopglm_10b,0,remove_allertop_training_overlap,55,3,52,0.96474358974359,0.401231893433664,0.0545454545454545
allergenfp,homolog_T,rf_xtrimopglm_10b,0,remove_allertopv2_training_overlap,39,3,36,1.0,1.0,0.0769230769230769
allergenfp,homolog_T,rf_xtrimopglm_10b,0,remove_deepalgpro_training_overlap,43,1,42,1.0,1.0,0.0232558139534884
allergenfp,homolog_T,rf_xtrimopglm_10b,0,remove_plm4alg_training_overlap,29,0,29,,,
allergenfp,mutations,rf_esm2,0,remove_algpred2_training_overlap,53,11,42,0.737012987012987,0.443612491148172,0.207547169811321
allergenfp,mutations,rf_esm2,0,remove_allergenfp_training_overlap,43,8,35,0.716071428571429,0.368313402987229,0.186046511627907
allergenfp,mutations,rf_esm2,0,remove_allertop_training_overlap,39,6,33,0.762626262626263,0.398547759024859,0.153846153846154
allergenfp,mutations,rf_esm2,0,remove_allertopv2_training_overlap,39,6,33,0.762626262626263,0.398547759024859,0.153846153846154
allergenfp,mutations,rf_esm2,0,remove_deepalgpro_training_overlap,54,12,42,0.743055555555556,0.448812385575357,0.222222222222222
allergenfp,mutations,rf_esm2,0,remove_plm4alg_training_overlap,42,6,36,0.761574074074074,0.396035658094067,0.142857142857143
allergenfp,mutations,rf_t5,0,remove_algpred2_training_overlap,53,11,42,0.812770562770563,0.541114670545489,0.207547169811321
allergenfp,mutations,rf_t5,0,remove_allergenfp_training_overlap,43,8,35,0.823214285714286,0.501545815223996,0.186046511627907
allergenfp,mutations,rf_t5,0,remove_allertop_training_overlap,39,6,33,0.80050505050505,0.290183019938862,0.153846153846154
allergenfp,mutations,rf_t5,0,remove_allertopv2_training_overlap,39,6,33,0.80050505050505,0.290183019938862,0.153846153846154
allergenfp,mutations,rf_t5,0,remove_deepalgpro_training_overlap,54,12,42,0.816468253968254,0.540640385059085,0.222222222222222
allergenfp,mutations,rf_t5,0,remove_plm4alg_training_overlap,42,6,36,0.814814814814815,0.337228718987466,0.142857142857143
allergenfp,mutations,rf_xtrimopglm_100b,0,remove_algpred2_training_overlap,53,11,42,0.788961038961039,0.383326430598853,0.207547169811321
allergenfp,mutations,rf_xtrimopglm_100b,0,remove_allergenfp_training_overlap,43,8,35,0.805357142857143,0.344609008858323,0.186046511627907
allergenfp,mutations,rf_xtrimopglm_100b,0,remove_allertop_training_overlap,39,6,33,0.815656565656566,0.311689143821565,0.153846153846154
allergenfp,mutations,rf_xtrimopglm_100b,0,remove_allertopv2_training_overlap,39,6,33,0.815656565656566,0.311689143821565,0.153846153846154
allergenfp,mutations,rf_xtrimopglm_100b,0,remove_deepalgpro_training_overlap,54,12,42,0.794642857142857,0.396560920315822,0.222222222222222
allergenfp,mutations,rf_xtrimopglm_100b,0,remove_plm4alg_training_overlap,42,6,36,0.833333333333333,0.331712144479713,0.142857142857143
allergenfp,mutations,rf_xtrimopglm_10b,0,remove_algpred2_training_overlap,53,11,42,0.766233766233766,0.365330436056924,0.207547169811321
allergenfp,mutations,rf_xtrimopglm_10b,0,remove_allergenfp_training_overlap,43,8,35,0.785714285714286,0.326671824228164,0.186046511627907
allergenfp,mutations,rf_xtrimopglm_10b,0,remove_allertop_training_overlap,39,6,33,0.823232323232323,0.318170125211046,0.153846153846154
allergenfp,mutations,rf_xtrimopglm_10b,0,remove_allertopv2_training_overlap,39,6,33,0.823232323232323,0.318170125211046,0.153846153846154
allergenfp,mutations,rf_xtrimopglm_10b,0,remove_deepalgpro_training_overlap,54,12,42,0.767857142857143,0.37664213730057,0.222222222222222
allergenfp,mutations,rf_xtrimopglm_10b,0,remove_plm4alg_training_overlap,42,6,36,0.810185185185185,0.295771595382138,0.142857142857143
allertop,bydate_1_WH,rf_esm2,0,remove_algpred2_training_overlap,3700,48,3652,0.892347800292077,0.411682691514219,0.012972972972973
allertop,bydate_1_WH,rf_esm2,0,remove_allergenfp_training_overlap,3699,47,3652,0.890109762065671,0.397569335819884,0.012706136793728
allertop,bydate_1_WH,rf_esm2,0,remove_allertop_training_overlap,3698,46,3652,0.901760202866803,0.405794306469919,0.0124391563007031
allertop,bydate_1_WH,rf_esm2,0,remove_allertopv2_training_overlap,3699,47,3652,0.890109762065671,0.397569335819884,0.012706136793728
allertop,bydate_1_WH,rf_esm2,0,remove_deepalgpro_training_overlap,3636,28,3608,0.878014135254989,0.364989387704932,0.0077007700770077
allertop,bydate_1_WH,rf_esm2,0,remove_plm4alg_training_overlap,2356,14,2342,0.813300597779675,0.0465284309534445,0.0059422750424448
allertop,bydate_1_WH,rf_t5,0,remove_algpred2_training_overlap,3700,48,3652,0.872595495618839,0.386462795933338,0.012972972972973
allertop,bydate_1_WH,rf_t5,0,remove_allergenfp_training_overlap,3699,47,3652,0.869969238656755,0.372373531351402,0.012706136793728
allertop,bydate_1_WH,rf_t5,0,remove_allertop_training_overlap,3698,46,3652,0.880166912710129,0.380022394291218,0.0124391563007031
allertop,bydate_1_WH,rf_t5,0,remove_allertopv2_training_overlap,3699,47,3652,0.869969238656755,0.372373531351402,0.012706136793728
allertop,bydate_1_WH,rf_t5,0,remove_deepalgpro_training_overlap,3636,28,3608,0.858790980361102,0.340669633588688,0.0077007700770077
allertop,bydate_1_WH,rf_t5,0,remove_plm4alg_training_overlap,2356,14,2342,0.767582652189826,0.0266670242862984,0.0059422750424448
allertop,bydate_1_WH,rf_xtrimopglm_100b,0,remove_algpred2_training_overlap,3700,48,3652,0.823903568820737,0.358218587588482,0.012972972972973
allertop,bydate_1_WH,rf_xtrimopglm_100b,0,remove_allergenfp_training_overlap,3699,47,3652,0.820133532194542,0.341950701071797,0.012706136793728
allertop,bydate_1_WH,rf_xtrimopglm_100b,0,remove_allertop_training_overlap,3698,46,3652,0.831733058717082,0.349007253223011,0.0124391563007031
allertop,bydate_1_WH,rf_xtrimopglm_100b,0,remove_allertopv2_training_overlap,3699,47,3652,0.820133532194542,0.341950701071797,0.012706136793728
allertop,bydate_1_WH,rf_xtrimopglm_100b,0,remove_deepalgpro_training_overlap,3636,28,3608,0.778805036426988,0.313053477980726,0.0077007700770077
allertop,bydate_1_WH,rf_xtrimopglm_100b,0,remove_plm4alg_training_overlap,2356,14,2342,0.661049774307674,0.0214412116956041,0.0059422750424448
allertop,bydate_1_WH,rf_xtrimopglm_10b,0,remove_algpred2_training_overlap,3700,48,3652,0.849374771814531,0.343729570348941,0.012972972972973
allertop,bydate_1_WH,rf_xtrimopglm_10b,0,remove_allergenfp_training_overlap,3699,47,3652,0.846187457761413,0.326535972478804,0.012706136793728
allertop,bydate_1_WH,rf_xtrimopglm_10b,0,remove_allertop_training_overlap,3698,46,3652,0.859225439306634,0.333274004596273,0.0124391563007031
allertop,bydate_1_WH,rf_xtrimopglm_10b,0,remove_allertopv2_training_overlap,3699,47,3652,0.846187457761413,0.326535972478804,0.012706136793728
allertop,bydate_1_WH,rf_xtrimopglm_10b,0,remove_deepalgpro_training_overlap,3636,28,3608,0.822586712068419,0.301242431463436,0.0077007700770077
allertop,bydate_1_WH,rf_xtrimopglm_10b,0,remove_plm4alg_training_overlap,2356,14,2342,0.715886909845065,0.0227243182303912,0.0059422750424448
allertop,bydate_2_CO,rf_esm2,0,remove_algpred2_training_overlap,3744,92,3652,0.921143566360303,0.541274763062821,0.0245726495726496
allertop,bydate_2_CO,rf_esm2,0,remove_allergenfp_training_overlap,3749,97,3652,0.909052799765134,0.498180761484422,0.0258735662843425
allertop,bydate_2_CO,rf_esm2,0,remove_allertop_training_overlap,3748,96,3652,0.908086893026652,0.490346412137353,0.0256136606189968
allertop,bydate_2_CO,rf_esm2,0,remove_allertopv2_training_overlap,3747,95,3652,0.907138121865452,0.482282231987001,0.0253536162263144
allertop,bydate_2_CO,rf_esm2,0,remove_deepalgpro_training_overlap,3640,32,3608,0.928513892738359,0.307483870674113,0.0087912087912087
allertop,bydate_2_CO,rf_esm2,0,remove_plm4alg_training_overlap,2342,0,2342,,,
allertop,bydate_2_CO,rf_t5,0,remove_algpred2_training_overlap,3744,92,3652,0.921271548645174,0.571636183646047,0.0245726495726496
allertop,bydate_2_CO,rf_t5,0,remove_allergenfp_training_overlap,3749,97,3652,0.908977992570093,0.526401031809441,0.0258735662843425
allertop,bydate_2_CO,rf_t5,0,remove_allertop_training_overlap,3748,96,3652,0.908001323475721,0.517879079052548,0.0256136606189968
allertop,bydate_2_CO,rf_t5,0,remove_allertopv2_training_overlap,3747,95,3652,0.907061739782095,0.511065924689509,0.0253536162263144
allertop,bydate_2_CO,rf_t5,0,remove_deepalgpro_training_overlap,3640,32,3608,0.938088968957871,0.327443763243201,0.0087912087912087
allertop,bydate_2_CO,rf_t5,0,remove_plm4alg_training_overlap,2342,0,2342,,,
allertop,bydate_2_CO,rf_xtrimopglm_100b,0,remove_algpred2_training_overlap,3744,92,3652,0.89874220200962,0.507103047125706,0.0245726495726496
allertop,bydate_2_CO,rf_xtrimopglm_100b,0,remove_allergenfp_training_overlap,3749,97,3652,0.878292928038301,0.470030694578213,0.0258735662843425
allertop,bydate_2_CO,rf_xtrimopglm_100b,0,remove_allertop_training_overlap,3748,96,3652,0.876922462577583,0.455351869321155,0.0256136606189968
allertop,bydate_2_CO,rf_xtrimopglm_100b,0,remove_allertopv2_training_overlap,3747,95,3652,0.875730673891739,0.453221806773629,0.0253536162263144
allertop,bydate_2_CO,rf_xtrimopglm_100b,0,remove_deepalgpro_training_overlap,3640,32,3608,0.93205203713969,0.29236586094341,0.0087912087912087
allertop,bydate_2_CO,rf_xtrimopglm_100b,0,remove_plm4alg_training_overlap,2342,0,2342,,,
allertop,bydate_2_CO,rf_xtrimopglm_10b,0,remove_algpred2_training_overlap,3744,92,3652,0.880839563788752,0.4403974393213,0.0245726495726496
allertop,bydate_2_CO,rf_xtrimopglm_10b,0,remove_allergenfp_training_overlap,3749,97,3652,0.860342024141552,0.392992300087036,0.0258735662843425
allertop,bydate_2_CO,rf_xtrimopglm_10b,0,remove_allertop_training_overlap,3748,96,3652,0.85853213992333,0.374081551182323,0.0256136606189968
allertop,bydate_2_CO,rf_xtrimopglm_10b,0,remove_allertopv2_training_overlap,3747,95,3652,0.857401856228743,0.374373305791532,0.0253536162263144
allertop,bydate_2_CO,rf_xtrimopglm_10b,0,remove_deepalgpro_training_overlap,3640,32,3608,0.882851475886918,0.216773570395103,0.0087912087912087
allertop,bydate_2_CO,rf_xtrimopglm_10b,0,remove_plm4alg_training_overlap,2342,0,2342,,,
allertop,bydate_3_AO,rf_esm2,0,remove_algpred2_training_overlap,3710,58,3652,0.878019129810779,0.545138686018452,0.015633423180593
allertop,bydate_3_AO,rf_esm2,0,remove_allergenfp_training_overlap,3712,60,3652,0.88210569550931,0.564377764856487,0.0161637931034483
allertop,bydate_3_AO,rf_esm2,0,remove_allertop_training_overlap,3711,59,3652,0.880079640596283,0.556252966352852,0.0158986796011857
allertop,bydate_3_AO,rf_esm2,0,remove_allertopv2_training_overlap,3711,59,3652,0.880116769079399,0.556255028579239,0.0158986796011857
allertop,bydate_3_AO,rf_esm2,0,remove_deepalgpro_training_overlap,3622,14,3608,0.874168514412417,0.294955245747045,0.0038652678078409
allertop,bydate_3_AO,rf_esm2,0,remove_plm4alg_training_overlap,2342,0,2342,,,
allertop,bydate_3_AO,rf_t5,0,remove_algpred2_training_overlap,3710,58,3652,0.868057653812743,0.55825518009984,0.015633423180593
allertop,bydate_3_AO,rf_t5,0,remove_allergenfp_training_overlap,3712,60,3652,0.872510496531581,0.579892002602367,0.0161637931034483
allertop,bydate_3_AO,rf_t5,0,remove_allertop_training_overlap,3711,59,3652,0.870326452187796,0.571202324387926,0.0158986796011857
allertop,bydate_3_AO,rf_t5,0,remove_allertopv2_training_overlap,3711,59,3652,0.870354298550133,0.571203853036078,0.0158986796011857
allertop,bydate_3_AO,rf_t5,0,remove_deepalgpro_training_overlap,3622,14,3608,0.869070715869496,0.290951717328889,0.0038652678078409
allertop,bydate_3_AO,rf_t5,0,remove_plm4alg_training_overlap,2342,0,2342,,,
allertop,bydate_3_AO,rf_xtrimopglm_100b,0,remove_algpred2_training_overlap,3710,58,3652,0.808156607621709,0.445214853447495,0.015633423180593
allertop,bydate_3_AO,rf_xtrimopglm_100b,0,remove_allergenfp_training_overlap,3712,60,3652,0.814546823658269,0.472957932145412,0.0161637931034483
allertop,bydate_3_AO,rf_xtrimopglm_100b,0,remove_allertop_training_overlap,3711,59,3652,0.81145460114727,0.465973636882521,0.0158986796011857
allertop,bydate_3_AO,rf_xtrimopglm_100b,0,remove_allertopv2_training_overlap,3711,59,3652,0.811436036905712,0.465973300778162,0.0158986796011857
allertop,bydate_3_AO,rf_xtrimopglm_100b,0,remove_deepalgpro_training_overlap,3622,14,3608,0.789822220462464,0.122934400769583,0.0038652678078409
allertop,bydate_3_AO,rf_xtrimopglm_100b,0,remove_plm4alg_training_overlap,2342,0,2342,,,
allertop,bydate_3_AO,rf_xtrimopglm_10b,0,remove_algpred2_training_overlap,3710,58,3652,0.823488310609208,0.357805563260933,0.015633423180593
allertop,bydate_3_AO,rf_xtrimopglm_10b,0,remove_allergenfp_training_overlap,3712,60,3652,0.829372033588901,0.388784369321138,0.0161637931034483
allertop,bydate_3_AO,rf_xtrimopglm_10b,0,remove_allertop_training_overlap,3711,59,3652,0.826514842111126,0.380749548767528,0.0158986796011857
allertop,bydate_3_AO,rf_xtrimopglm_10b,0,remove_allertopv2_training_overlap,3711,59,3652,0.82651716264132,0.380749623188833,0.0158986796011857
allertop,bydate_3_AO,rf_xtrimopglm_10b,0,remove_deepalgpro_training_overlap,3622,14,3608,0.815578476401647,0.115546151992132,0.0038652678078409
allertop,bydate_3_AO,rf_xtrimopglm_10b,0,remove_plm4alg_training_overlap,2342,0,2342,,,
allertop,homolog_A,rf_esm2,0,remove_algpred2_training_overlap,24,10,14,0.892857142857143,0.923150672697051,0.416666666666667
allertop,homolog_A,rf_esm2,0,remove_allergenfp_training_overlap,20,7,13,0.846153846153846,0.869161508501092,0.35
allertop,homolog_A,rf_esm2,0,remove_allertop_training_overlap,22,8,14,0.866071428571429,0.891270224310577,0.363636363636364
allertop,homolog_A,rf_esm2,0,remove_allertopv2_training_overlap,20,7,13,0.846153846153846,0.869161508501092,0.35
allertop,homolog_A,rf_esm2,0,remove_deepalgpro_training_overlap,15,2,13,1.0,1.0,0.133333333333333
allertop,homolog_A,rf_esm2,0,remove_plm4alg_training_overlap,7,0,7,,,
allertop,homolog_A,rf_t5,0,remove_algpred2_training_overlap,24,10,14,0.914285714285714,0.944175981238129,0.416666666666667
allertop,homolog_A,rf_t5,0,remove_allergenfp_training_overlap,20,7,13,0.879120879120879,0.910179635394367,0.35
allertop,homolog_A,rf_t5,0,remove_allertop_training_overlap,22,8,14,0.892857142857143,0.923060058418674,0.363636363636364
allertop,homolog_A,rf_t5,0,remove_allertopv2_training_overlap,20,7,13,0.879120879120879,0.910179635394367,0.35
allertop,homolog_A,rf_t5,0,remove_deepalgpro_training_overlap,15,2,13,1.0,1.0,0.133333333333333
allertop,homolog_A,rf_t5,0,remove_plm4alg_training_overlap,7,0,7,,,
allertop,homolog_A,rf_xtrimopglm_100b,0,remove_algpred2_training_overlap,24,10,14,0.914285714285714,0.944175981238129,0.416666666666667
allertop,homolog_A,rf_xtrimopglm_100b,0,remove_allergenfp_training_overlap,20,7,13,0.879120879120879,0.910179635394367,0.35
allertop,homolog_A,rf_xtrimopglm_100b,0,remove_allertop_training_overlap,22,8,14,0.892857142857143,0.923060058418674,0.363636363636364
allertop,homolog_A,rf_xtrimopglm_100b,0,remove_allertopv2_training_overlap,20,7,13,0.879120879120879,0.910179635394367,0.35
allertop,homolog_A,rf_xtrimopglm_100b,0,remove_deepalgpro_training_overlap,15,2,13,1.0,1.0,0.133333333333333
allertop,homolog_A,rf_xtrimopglm_100b,0,remove_plm4alg_training_overlap,7,0,7,,,
allertop,homolog_A,rf_xtrimopglm_10b,0,remove_algpred2_training_overlap,24,10,14,0.9,0.940416539813686,0.416666666666667
allertop,homolog_A,rf_xtrimopglm_10b,0,remove_allergenfp_training_overlap,20,7,13,0.857142857142857,0.904741024708835,0.35
allertop,homolog_A,rf_xtrimopglm_10b,0,remove_allertop_training_overlap,22,8,14,0.875,0.918589972638937,0.363636363636364
allertop,homolog_A,rf_xtrimopglm_10b,0,remove_allertopv2_training_overlap,20,7,13,0.857142857142857,0.904741024708835,0.35
allertop,homolog_A,rf_xtrimopglm_10b,0,remove_deepalgpro_training_overlap,15,2,13,1.0,1.0,0.133333333333333
allertop,homolog_A,rf_xtrimopglm_10b,0,remove_plm4alg_training_overlap,7,0,7,,,
allertop,homolog_C,rf_esm2,0,remove_algpred2_training_overlap,224,3,221,1.0,1.0,0.0133928571428571
allertop,homolog_C,rf_esm2,0,remove_allergenfp_training_overlap,219,2,217,0.975806451612903,0.562064154753938,0.0091324200913242
allertop,homolog_C,rf_esm2,0,remove_allertop_training_overlap,227,4,223,0.937780269058296,0.565957679055594,0.0176211453744493
allertop,homolog_C,rf_esm2,0,remove_allertopv2_training_overlap,219,2,217,0.975806451612903,0.562064154753938,0.0091324200913242
allertop,homolog_C,rf_esm2,0,remove_deepalgpro_training_overlap,221,1,220,1.0,1.0,0.004524886877828
allertop,homolog_C,rf_esm2,0,remove_plm4alg_training_overlap,116,0,116,,,
allertop,homolog_C,rf_t5,0,remove_algpred2_training_overlap,224,3,221,1.0,1.0,0.0133928571428571
allertop,homolog_C,rf_t5,0,remove_allergenfp_training_overlap,219,2,217,0.983870967741935,0.587759375202657,0.0091324200913242
allertop,homolog_C,rf_t5,0,remove_allertop_training_overlap,227,4,223,0.954035874439462,0.588938997400433,0.0176211453744493
allertop,homolog_C,rf_t5,0,remove_allertopv2_training_overlap,219,2,217,0.983870967741935,0.587759375202657,0.0091324200913242
allertop,homolog_C,rf_t5,0,remove_deepalgpro_training_overlap,221,1,220,1.0,1.0,0.004524886877828
allertop,homolog_C,rf_t5,0,remove_plm4alg_training_overlap,116,0,116,,,
allertop,homolog_C,rf_xtrimopglm_100b,0,remove_algpred2_training_overlap,224,3,221,0.996983408748115,0.854794131173327,0.0133928571428571
allertop,homolog_C,rf_xtrimopglm_100b,0,remove_allergenfp_training_overlap,219,2,217,0.967741935483871,0.145002480348786,0.0091324200913242
allertop,homolog_C,rf_xtrimopglm_100b,0,remove_allertop_training_overlap,227,4,223,0.919282511210762,0.416029686561502,0.0176211453744493
allertop,homolog_C,rf_xtrimopglm_100b,0,remove_allertopv2_training_overlap,219,2,217,0.967741935483871,0.145002480348786,0.0091324200913242
allertop,homolog_C,rf_xtrimopglm_100b,0,remove_deepalgpro_training_overlap,221,1,220,1.0,1.0,0.004524886877828
allertop,homolog_C,rf_xtrimopglm_100b,0,remove_plm4alg_training_overlap,116,0,116,,,
allertop,homolog_C,rf_xtrimopglm_10b,0,remove_algpred2_training_overlap,224,3,221,1.0,1.0,0.0133928571428571
allertop,homolog_C,rf_xtrimopglm_10b,0,remove_allergenfp_training_overlap,219,2,217,0.978110599078341,0.567678443206045,0.0091324200913242
allertop,homolog_C,rf_xtrimopglm_10b,0,remove_allertop_training_overlap,227,4,223,0.942264573991031,0.571135317412727,0.0176211453744493
allertop,homolog_C,rf_xtrimopglm_10b,0,remove_allertopv2_training_overlap,219,2,217,0.978110599078341,0.567678443206045,0.0091324200913242
allertop,homolog_C,rf_xtrimopglm_10b,0,remove_deepalgpro_training_overlap,221,1,220,1.0,1.0,0.004524886877828
allertop,homolog_C,rf_xtrimopglm_10b,0,remove_plm4alg_training_overlap,116,0,116,,,
allertop,homolog_S,rf_esm2,0,remove_algpred2_training_overlap,417,12,405,0.997942386831276,0.961233320304256,0.0287769784172662
allertop,homolog_S,rf_esm2,0,remove_allergenfp_training_overlap,412,0,412,,,
allertop,homolog_S,rf_esm2,0,remove_allertop_training_overlap,416,0,416,,,
allertop,homolog_S,rf_esm2,0,remove_allertopv2_training_overlap,412,0,412,,,
allertop,homolog_S,rf_esm2,0,remove_deepalgpro_training_overlap,408,4,404,0.991955445544555,0.802969979096587,0.0098039215686274
allertop,homolog_S,rf_esm2,0,remove_plm4alg_training_overlap,141,0,141,,,
allertop,homolog_S,rf_t5,0,remove_algpred2_training_overlap,417,12,405,0.998353909465021,0.958080341801103,0.0287769784172662
allertop,homolog_S,rf_t5,0,remove_allergenfp_training_overlap,412,0,412,,,
allertop,homolog_S,rf_t5,0,remove_allertop_training_overlap,416,0,416,,,
allertop,homolog_S,rf_t5,0,remove_allertopv2_training_overlap,412,0,412,,,
allertop,homolog_S,rf_t5,0,remove_deepalgpro_training_overlap,408,4,404,0.99009900990099,0.794826822449799,0.0098039215686274
allertop,homolog_S,rf_t5,0,remove_plm4alg_training_overlap,141,0,141,,,
allertop,homolog_S,rf_xtrimopglm_100b,0,remove_algpred2_training_overlap,417,12,405,0.998148148148148,0.963407376872926,0.0287769784172662
allertop,homolog_S,rf_xtrimopglm_100b,0,remove_allergenfp_training_overlap,412,0,412,,,
allertop,homolog_S,rf_xtrimopglm_100b,0,remove_allertop_training_overlap,416,0,416,,,
allertop,homolog_S,rf_xtrimopglm_100b,0,remove_allertopv2_training_overlap,412,0,412,,,
allertop,homolog_S,rf_xtrimopglm_100b,0,remove_deepalgpro_training_overlap,408,4,404,0.994430693069307,0.819903907734543,0.0098039215686274
allertop,homolog_S,rf_xtrimopglm_100b,0,remove_plm4alg_training_overlap,141,0,141,,,
allertop,homolog_S,rf_xtrimopglm_10b,0,remove_algpred2_training_overlap,417,12,405,0.996604938271605,0.942480564229118,0.0287769784172662
allertop,homolog_S,rf_xtrimopglm_10b,0,remove_allergenfp_training_overlap,412,0,412,,,
allertop,homolog_S,rf_xtrimopglm_10b,0,remove_allertop_training_overlap,416,0,416,,,
allertop,homolog_S,rf_xtrimopglm_10b,0,remove_allertopv2_training_overlap,412,0,412,,,
allertop,homolog_S,rf_xtrimopglm_10b,0,remove_deepalgpro_training_overlap,408,4,404,0.991955445544555,0.734463918474342,0.0098039215686274
allertop,homolog_S,rf_xtrimopglm_10b,0,remove_plm4alg_training_overlap,141,0,141,,,
allertop,homolog_T,rf_esm2,0,remove_algpred2_training_overlap,45,3,42,0.722222222222222,0.323916257143636,0.0666666666666667
allertop,homolog_T,rf_esm2,0,remove_allergenfp_training_overlap,41,3,38,1.0,1.0,0.0731707317073171
allertop,homolog_T,rf_esm2,0,remove_allertop_training_overlap,55,3,52,1.0,1.0,0.0545454545454545
allertop,homolog_T,rf_esm2,0,remove_allertopv2_training_overlap,39,3,36,1.0,1.0,0.0769230769230769
allertop,homolog_T,rf_esm2,0,remove_deepalgpro_training_overlap,43,1,42,1.0,1.0,0.0232558139534884
allertop,homolog_T,rf_esm2,0,remove_plm4alg_training_overlap,29,0,29,,,
allertop,homolog_T,rf_t5,0,remove_algpred2_training_overlap,45,3,42,0.801587301587302,0.333103769602138,0.0666666666666667
allertop,homolog_T,rf_t5,0,remove_allergenfp_training_overlap,41,3,38,0.921052631578947,0.738965869031111,0.0731707317073171
allertop,homolog_T,rf_t5,0,remove_allertop_training_overlap,55,3,52,0.92948717948718,0.728270768769686,0.0545454545454545
allertop,homolog_T,rf_t5,0,remove_allertopv2_training_overlap,39,3,36,0.916666666666667,0.738965869031111,0.0769230769230769
allertop,homolog_T,rf_t5,0,remove_deepalgpro_training_overlap,43,1,42,1.0,1.0,0.0232558139534884
allertop,homolog_T,rf_t5,0,remove_plm4alg_training_overlap,29,0,29,,,
allertop,homolog_T,rf_xtrimopglm_100b,0,remove_algpred2_training_overlap,45,3,42,0.849206349206349,0.572103978947354,0.0666666666666667
allertop,homolog_T,rf_xtrimopglm_100b,0,remove_allergenfp_training_overlap,41,3,38,1.0,1.0,0.0731707317073171
allertop,homolog_T,rf_xtrimopglm_100b,0,remove_allertop_training_overlap,55,3,52,1.0,1.0,0.0545454545454545
allertop,homolog_T,rf_xtrimopglm_100b,0,remove_allertopv2_training_overlap,39,3,36,1.0,1.0,0.0769230769230769
allertop,homolog_T,rf_xtrimopglm_100b,0,remove_deepalgpro_training_overlap,43,1,42,1.0,1.0,0.0232558139534884
allertop,homolog_T,rf_xtrimopglm_100b,0,remove_plm4alg_training_overlap,29,0,29,,,
allertop,homolog_T,rf_xtrimopglm_10b,0,remove_algpred2_training_overlap,45,3,42,0.80952380952381,0.478939147754221,0.0666666666666667
allertop,homolog_T,rf_xtrimopglm_10b,0,remove_allergenfp_training_overlap,41,3,38,1.0,1.0,0.0731707317073171
allertop,homolog_T,rf_xtrimopglm_10b,0,remove_allertop_training_overlap,55,3,52,0.974358974358974,0.659449584156006,0.0545454545454545
allertop,homolog_T,rf_xtrimopglm_10b,0,remove_allertopv2_training_overlap,39,3,36,1.0,1.0,0.0769230769230769
allertop,homolog_T,rf_xtrimopglm_10b,0,remove_deepalgpro_training_overlap,43,1,42,1.0,1.0,0.0232558139534884
allertop,homolog_T,rf_xtrimopglm_10b,0,remove_plm4alg_training_overlap,29,0,29,,,
allertop,mutations,rf_esm2,0,remove_algpred2_training_overlap,53,11,42,0.737012987012987,0.363661726104503,0.207547169811321
allertop,mutations,rf_esm2,0,remove_allergenfp_training_overlap,43,8,35,0.741071428571429,0.309110666589633,0.186046511627907
allertop,mutations,rf_esm2,0,remove_allertop_training_overlap,39,6,33,0.772727272727273,0.295565962498134,0.153846153846154
allertop,mutations,rf_esm2,0,remove_allertopv2_training_overlap,39,6,33,0.772727272727273,0.295565962498134,0.153846153846154
allertop,mutations,rf_esm2,0,remove_deepalgpro_training_overlap,54,12,42,0.751984126984127,0.382704890562117,0.222222222222222
allertop,mutations,rf_esm2,0,remove_plm4alg_training_overlap,42,6,36,0.777777777777778,0.408316216499958,0.142857142857143
allertop,mutations,rf_t5,0,remove_algpred2_training_overlap,53,11,42,0.798701298701299,0.503020088198587,0.207547169811321
allertop,mutations,rf_t5,0,remove_allergenfp_training_overlap,43,8,35,0.810714285714286,0.448034553854867,0.186046511627907
allertop,mutations,rf_t5,0,remove_allertop_training_overlap,39,6,33,0.797979797979798,0.303548432527365,0.153846153846154
allertop,mutations,rf_t5,0,remove_allertopv2_training_overlap,39,6,33,0.797979797979798,0.303548432527365,0.153846153846154
allertop,mutations,rf_t5,0,remove_deepalgpro_training_overlap,54,12,42,0.818452380952381,0.521097443183358,0.222222222222222
allertop,mutations,rf_t5,0,remove_plm4alg_training_overlap,42,6,36,0.763888888888889,0.268204503420317,0.142857142857143
allertop,mutations,rf_xtrimopglm_100b,0,remove_algpred2_training_overlap,53,11,42,0.825757575757576,0.490563690858909,0.207547169811321
allertop,mutations,rf_xtrimopglm_100b,0,remove_allergenfp_training_overlap,43,8,35,0.828571428571429,0.40472949635225,0.186046511627907
allertop,mutations,rf_xtrimopglm_100b,0,remove_allertop_training_overlap,39,6,33,0.825757575757576,0.318751632505054,0.153846153846154
allertop,mutations,rf_xtrimopglm_100b,0,remove_allertopv2_training_overlap,39,6,33,0.825757575757576,0.318751632505054,0.153846153846154
allertop,mutations,rf_xtrimopglm_100b,0,remove_deepalgpro_training_overlap,54,12,42,0.838293650793651,0.503462931787288,0.222222222222222
allertop,mutations,rf_xtrimopglm_100b,0,remove_plm4alg_training_overlap,42,6,36,0.844907407407407,0.325240173494972,0.142857142857143
allertop,mutations,rf_xtrimopglm_10b,0,remove_algpred2_training_overlap,53,11,42,0.857142857142857,0.563162020213934,0.207547169811321
allertop,mutations,rf_xtrimopglm_10b,0,remove_allergenfp_training_overlap,43,8,35,0.880357142857143,0.544847342712364,0.186046511627907
allertop,mutations,rf_xtrimopglm_10b,0,remove_allertop_training_overlap,39,6,33,0.871212121212121,0.460494906507304,0.153846153846154
allertop,mutations,rf_xtrimopglm_10b,0,remove_allertopv2_training_overlap,39,6,33,0.871212121212121,0.460494906507304,0.153846153846154
allertop,mutations,rf_xtrimopglm_10b,0,remove_deepalgpro_training_overlap,54,12,42,0.862103174603175,0.569683409953378,0.222222222222222
allertop,mutations,rf_xtrimopglm_10b,0,remove_plm4alg_training_overlap,42,6,36,0.891203703703704,0.694114345625796,0.142857142857143
allertopv2,bydate_1_WH,rf_esm2,0,remove_algpred2_training_overlap,3700,48,3652,0.838538814348302,0.348738613456034,0.012972972972973
allertopv2,bydate_1_WH,rf_esm2,0,remove_allergenfp_training_overlap,3699,47,3652,0.835056861876908,0.332932992392207,0.012706136793728
allertopv2,bydate_1_WH,rf_esm2,0,remove_allertop_training_overlap,3698,46,3652,0.834402828706129,0.339149149105179,0.0124391563007031
allertopv2,bydate_1_WH,rf_esm2,0,remove_allertopv2_training_overlap,3699,47,3652,0.835056861876908,0.332932992392207,0.012706136793728
allertopv2,bydate_1_WH,rf_esm2,0,remove_deepalgpro_training_overlap,3636,28,3608,0.808827605321508,0.32092890425483,0.0077007700770077
allertopv2,bydate_1_WH,rf_esm2,0,remove_plm4alg_training_overlap,2356,14,2342,0.67573502500915,0.0237447159548994,0.0059422750424448
allertopv2,bydate_1_WH,rf_t5,0,remove_algpred2_training_overlap,3700,48,3652,0.784147955458196,0.325633436011243,0.012972972972973
allertopv2,bydate_1_WH,rf_t5,0,remove_allergenfp_training_overlap,3699,47,3652,0.779555358765818,0.307609489676116,0.012706136793728
allertopv2,bydate_1_WH,rf_t5,0,remove_allertop_training_overlap,3698,46,3652,0.775516096004572,0.309050176366263,0.0124391563007031
allertopv2,bydate_1_WH,rf_t5,0,remove_allertopv2_training_overlap,3699,47,3652,0.779555358765818,0.307609489676116,0.012706136793728
allertopv2,bydate_1_WH,rf_t5,0,remove_deepalgpro_training_overlap,3636,28,3608,0.736918949952487,0.304987834593184,0.0077007700770077
allertopv2,bydate_1_WH,rf_t5,0,remove_plm4alg_training_overlap,2356,14,2342,0.598465902159327,0.0150058393946309,0.0059422750424448
allertopv2,bydate_1_WH,rf_xtrimopglm_100b,0,remove_algpred2_training_overlap,3700,48,3652,0.735618610806864,0.279462110383026,0.012972972972973
allertopv2,bydate_1_WH,rf_xtrimopglm_100b,0,remove_allergenfp_training_overlap,3699,47,3652,0.729946866770758,0.259328877582425,0.012706136793728
allertopv2,bydate_1_WH,rf_xtrimopglm_100b,0,remove_allertop_training_overlap,3698,46,3652,0.724525572646316,0.252252253440771,0.0124391563007031
allertopv2,bydate_1_WH,rf_xtrimopglm_100b,0,remove_allertopv2_training_overlap,3699,47,3652,0.729946866770758,0.259328877582425,0.012706136793728
allertopv2,bydate_1_WH,rf_xtrimopglm_100b,0,remove_deepalgpro_training_overlap,3636,28,3608,0.695404062401014,0.247549684043185,0.0077007700770077
allertopv2,bydate_1_WH,rf_xtrimopglm_100b,0,remove_plm4alg_training_overlap,2356,14,2342,0.545306209588874,0.008718381584381,0.0059422750424448
allertopv2,bydate_1_WH,rf_xtrimopglm_10b,0,remove_algpred2_training_overlap,3700,48,3652,0.755556316173786,0.272423494109418,0.012972972972973
allertopv2,bydate_1_WH,rf_xtrimopglm_10b,0,remove_allergenfp_training_overlap,3699,47,3652,0.750326256670784,0.252974537762607,0.012706136793728
allertopv2,bydate_1_WH,rf_xtrimopglm_10b,0,remove_allertop_training_overlap,3698,46,3652,0.747193318729463,0.256714681088585,0.0124391563007031
allertopv2,bydate_1_WH,rf_xtrimopglm_10b,0,remove_allertopv2_training_overlap,3699,47,3652,0.750326256670784,0.252974537762607,0.012706136793728
allertopv2,bydate_1_WH,rf_xtrimopglm_10b,0,remove_deepalgpro_training_overlap,3636,28,3608,0.701575863161229,0.253943533723807,0.0077007700770077
allertopv2,bydate_1_WH,rf_xtrimopglm_10b,0,remove_plm4alg_training_overlap,2356,14,2342,0.543125533731853,0.0127732598971676,0.0059422750424448
allertopv2,bydate_2_CO,rf_esm2,0,remove_algpred2_training_overlap,3744,92,3652,0.904483546835564,0.471430084044436,0.0245726495726496
allertopv2,bydate_2_CO,rf_esm2,0,remove_allergenfp_training_overlap,3749,97,3652,0.897303835774212,0.430222177107836,0.0258735662843425
allertopv2,bydate_2_CO,rf_esm2,0,remove_allertop_training_overlap,3748,96,3652,0.8965563960387,0.422178740253941,0.0256136606189968
allertopv2,bydate_2_CO,rf_esm2,0,remove_allertopv2_training_overlap,3747,95,3652,0.895141811264196,0.412324686808767,0.0253536162263144
allertopv2,bydate_2_CO,rf_esm2,0,remove_deepalgpro_training_overlap,3640,32,3608,0.903846486973392,0.239296905450297,0.0087912087912087
allertopv2,bydate_2_CO,rf_esm2,0,remove_plm4alg_training_overlap,2342,0,2342,,,
allertopv2,bydate_2_CO,rf_t5,0,remove_algpred2_training_overlap,3744,92,3652,0.882570300966713,0.473725025797683,0.0245726495726496
allertopv2,bydate_2_CO,rf_t5,0,remove_allergenfp_training_overlap,3749,97,3652,0.865594053816014,0.421924642844028,0.0258735662843425
allertopv2,bydate_2_CO,rf_t5,0,remove_allertop_training_overlap,3748,96,3652,0.864477797553852,0.413228883251213,0.0256136606189968
allertopv2,bydate_2_CO,rf_t5,0,remove_allertopv2_training_overlap,3747,95,3652,0.862764454948983,0.403520699599581,0.0253536162263144
allertopv2,bydate_2_CO,rf_t5,0,remove_deepalgpro_training_overlap,3640,32,3608,0.901992967017738,0.243583551321566,0.0087912087912087
allertopv2,bydate_2_CO,rf_t5,0,remove_plm4alg_training_overlap,2342,0,2342,,,
allertopv2,bydate_2_CO,rf_xtrimopglm_100b,0,remove_algpred2_training_overlap,3744,92,3652,0.831902709652841,0.361107988117167,0.0245726495726496
allertopv2,bydate_2_CO,rf_xtrimopglm_100b,0,remove_allergenfp_training_overlap,3749,97,3652,0.813083637266969,0.32177092264181,0.0258735662843425
allertopv2,bydate_2_CO,rf_xtrimopglm_100b,0,remove_allertop_training_overlap,3748,96,3652,0.811413266703176,0.302152450801163,0.0256136606189968
allertopv2,bydate_2_CO,rf_xtrimopglm_100b,0,remove_allertopv2_training_overlap,3747,95,3652,0.809148555946273,0.298112638800808,0.0253536162263144
allertopv2,bydate_2_CO,rf_xtrimopglm_100b,0,remove_deepalgpro_training_overlap,3640,32,3608,0.876511398281596,0.156570730782482,0.0087912087912087
allertopv2,bydate_2_CO,rf_xtrimopglm_100b,0,remove_plm4alg_training_overlap,2342,0,2342,,,
allertopv2,bydate_2_CO,rf_xtrimopglm_10b,0,remove_algpred2_training_overlap,3744,92,3652,0.819443783037287,0.345376353374176,0.0245726495726496
allertopv2,bydate_2_CO,rf_xtrimopglm_10b,0,remove_allergenfp_training_overlap,3749,97,3652,0.800854778062578,0.29335636056439,0.0258735662843425
allertopv2,bydate_2_CO,rf_xtrimopglm_10b,0,remove_allertop_training_overlap,3748,96,3652,0.798982863271267,0.278223731725626,0.0256136606189968
allertopv2,bydate_2_CO,rf_xtrimopglm_10b,0,remove_allertopv2_training_overlap,3747,95,3652,0.796673776445495,0.275022437900299,0.0253536162263144
allertopv2,bydate_2_CO,rf_xtrimopglm_10b,0,remove_deepalgpro_training_overlap,3640,32,3608,0.819979039634146,0.160154610000039,0.0087912087912087
allertopv2,bydate_2_CO,rf_xtrimopglm_10b,0,remove_plm4alg_training_overlap,2342,0,2342,,,
allertopv2,bydate_3_AO,rf_esm2,0,remove_algpred2_training_overlap,3710,58,3652,0.840068738905465,0.506976250213519,0.015633423180593
allertopv2,bydate_3_AO,rf_esm2,0,remove_allergenfp_training_overlap,3712,60,3652,0.845301661190215,0.523797042155266,0.0161637931034483
allertopv2,bydate_3_AO,rf_esm2,0,remove_allertop_training_overlap,3711,59,3652,0.842981324372993,0.521687555320461,0.0158986796011857
allertopv2,bydate_3_AO,rf_esm2,0,remove_allertopv2_training_overlap,3711,59,3652,0.842777117715856,0.521523782330718,0.0158986796011857
allertopv2,bydate_3_AO,rf_esm2,0,remove_deepalgpro_training_overlap,3622,14,3608,0.856469749762433,0.306937831839009,0.0038652678078409
allertopv2,bydate_3_AO,rf_esm2,0,remove_plm4alg_training_overlap,2342,0,2342,,,
allertopv2,bydate_3_AO,rf_t5,0,remove_algpred2_training_overlap,3710,58,3652,0.798180968387657,0.490838689657888,0.015633423180593
allertopv2,bydate_3_AO,rf_t5,0,remove_allergenfp_training_overlap,3712,60,3652,0.804894578313253,0.515559901985281,0.0161637931034483
allertopv2,bydate_3_AO,rf_t5,0,remove_allertop_training_overlap,3711,59,3652,0.801840644550467,0.510482666418674,0.0158986796011857
allertopv2,bydate_3_AO,rf_t5,0,remove_allertopv2_training_overlap,3711,59,3652,0.80163179683294,0.51036628553784,0.0158986796011857
allertopv2,bydate_3_AO,rf_t5,0,remove_deepalgpro_training_overlap,3622,14,3608,0.807649667405765,0.217010319277376,0.0038652678078409
allertopv2,bydate_3_AO,rf_t5,0,remove_plm4alg_training_overlap,2342,0,2342,,,
allertopv2,bydate_3_AO,rf_xtrimopglm_100b,0,remove_algpred2_training_overlap,3710,58,3652,0.760945820901159,0.266671564980325,0.015633423180593
allertopv2,bydate_3_AO,rf_xtrimopglm_100b,0,remove_allergenfp_training_overlap,3712,60,3652,0.768868656443958,0.291128284781569,0.0161637931034483
allertopv2,bydate_3_AO,rf_xtrimopglm_100b,0,remove_allertop_training_overlap,3711,59,3652,0.765345666177808,0.285818627453953,0.0158986796011857
allertopv2,bydate_3_AO,rf_xtrimopglm_100b,0,remove_allertopv2_training_overlap,3711,59,3652,0.765039356192103,0.285640145970111,0.0158986796011857
allertopv2,bydate_3_AO,rf_xtrimopglm_100b,0,remove_deepalgpro_training_overlap,3622,14,3608,0.731063905606589,0.0349947749447961,0.0038652678078409
allertopv2,bydate_3_AO,rf_xtrimopglm_100b,0,remove_plm4alg_training_overlap,2342,0,2342,,,
allertopv2,bydate_3_AO,rf_xtrimopglm_10b,0,remove_algpred2_training_overlap,3710,58,3652,0.772023832005137,0.182890678458403,0.015633423180593
allertopv2,bydate_3_AO,rf_xtrimopglm_10b,0,remove_allergenfp_training_overlap,3712,60,3652,0.779481562614093,0.202168950185535,0.0161637931034483
allertopv2,bydate_3_AO,rf_xtrimopglm_10b,0,remove_allertop_training_overlap,3711,59,3652,0.776238234911913,0.199558547914781,0.0158986796011857
allertopv2,bydate_3_AO,rf_xtrimopglm_10b,0,remove_allertopv2_training_overlap,3711,59,3652,0.775982976590491,0.199487769082697,0.0158986796011857
allertopv2,bydate_3_AO,rf_xtrimopglm_10b,0,remove_deepalgpro_training_overlap,3622,14,3608,0.768154101995565,0.0171213806460433,0.0038652678078409
allertopv2,bydate_3_AO,rf_xtrimopglm_10b,0,remove_plm4alg_training_overlap,2342,0,2342,,,
allertopv2,homolog_A,rf_esm2,0,remove_algpred2_training_overlap,24,10,14,0.914285714285714,0.944175981238129,0.416666666666667
allertopv2,homolog_A,rf_esm2,0,remove_allergenfp_training_overlap,20,7,13,0.879120879120879,0.910179635394367,0.35
allertopv2,homolog_A,rf_esm2,0,remove_allertop_training_overlap,22,8,14,0.892857142857143,0.923060058418674,0.363636363636364
allertopv2,homolog_A,rf_esm2,0,remove_allertopv2_training_overlap,20,7,13,0.879120879120879,0.910179635394367,0.35
allertopv2,homolog_A,rf_esm2,0,remove_deepalgpro_training_overlap,15,2,13,1.0,1.0,0.133333333333333
allertopv2,homolog_A,rf_esm2,0,remove_plm4alg_training_overlap,7,0,7,,,
allertopv2,homolog_A,rf_t5,0,remove_algpred2_training_overlap,24,10,14,0.885714285714286,0.893093418861529,0.416666666666667
allertopv2,homolog_A,rf_t5,0,remove_allergenfp_training_overlap,20,7,13,0.879120879120879,0.910179635394367,0.35
allertopv2,homolog_A,rf_t5,0,remove_allertop_training_overlap,22,8,14,0.857142857142857,0.836416660848681,0.363636363636364
allertopv2,homolog_A,rf_t5,0,remove_allertopv2_training_overlap,20,7,13,0.879120879120879,0.910179635394367,0.35
allertopv2,homolog_A,rf_t5,0,remove_deepalgpro_training_overlap,15,2,13,1.0,1.0,0.133333333333333
allertopv2,homolog_A,rf_t5,0,remove_plm4alg_training_overlap,7,0,7,,,
allertopv2,homolog_A,rf_xtrimopglm_100b,0,remove_algpred2_training_overlap,24,10,14,0.821428571428571,0.709770982782147,0.416666666666667
allertopv2,homolog_A,rf_xtrimopglm_100b,0,remove_allergenfp_training_overlap,20,7,13,0.846153846153846,0.726054564883891,0.35
allertopv2,homolog_A,rf_xtrimopglm_100b,0,remove_allertop_training_overlap,22,8,14,0.8125,0.668317173431319,0.363636363636364
allertopv2,homolog_A,rf_xtrimopglm_100b,0,remove_allertopv2_training_overlap,20,7,13,0.846153846153846,0.726054564883891,0.35
allertopv2,homolog_A,rf_xtrimopglm_100b,0,remove_deepalgpro_training_overlap,15,2,13,0.961538461538462,0.797267445945918,0.133333333333333
allertopv2,homolog_A,rf_xtrimopglm_100b,0,remove_plm4alg_training_overlap,7,0,7,,,
allertopv2,homolog_A,rf_xtrimopglm_10b,0,remove_algpred2_training_overlap,24,10,14,0.792857142857143,0.711179759936509,0.416666666666667
allertopv2,homolog_A,rf_xtrimopglm_10b,0,remove_allergenfp_training_overlap,20,7,13,0.868131868131868,0.825075590678168,0.35
allertopv2,homolog_A,rf_xtrimopglm_10b,0,remove_allertop_training_overlap,22,8,14,0.830357142857143,0.705830247487611,0.363636363636364
allertopv2,homolog_A,rf_xtrimopglm_10b,0,remove_allertopv2_training_overlap,20,7,13,0.868131868131868,0.825075590678168,0.35
allertopv2,homolog_A,rf_xtrimopglm_10b,0,remove_deepalgpro_training_overlap,15,2,13,0.923076923076923,0.712317927548219,0.133333333333333
allertopv2,homolog_A,rf_xtrimopglm_10b,0,remove_plm4alg_training_overlap,7,0,7,,,
allertopv2,homolog_C,rf_esm2,0,remove_algpred2_training_overlap,224,3,221,1.0,1.0,0.0133928571428571
allertopv2,homolog_C,rf_esm2,0,remove_allergenfp_training_overlap,219,2,217,0.963133640552995,0.54273268928041,0.0091324200913242
allertopv2,homolog_C,rf_esm2,0,remove_allertop_training_overlap,227,4,223,0.982062780269058,0.794826822449799,0.0176211453744493
allertopv2,homolog_C,rf_esm2,0,remove_allertopv2_training_overlap,219,2,217,0.963133640552995,0.54273268928041,0.0091324200913242
allertopv2,homolog_C,rf_esm2,0,remove_deepalgpro_training_overlap,221,1,220,1.0,1.0,0.004524886877828
allertopv2,homolog_C,rf_esm2,0,remove_plm4alg_training_overlap,116,0,116,,,
allertopv2,homolog_C,rf_t5,0,remove_algpred2_training_overlap,224,3,221,1.0,1.0,0.0133928571428571
allertopv2,homolog_C,rf_t5,0,remove_allergenfp_training_overlap,219,2,217,0.940092165898618,0.527220625778629,0.0091324200913242
allertopv2,homolog_C,rf_t5,0,remove_allertop_training_overlap,227,4,223,0.967488789237668,0.642898746512605,0.0176211453744493
allertopv2,homolog_C,rf_t5,0,remove_allertopv2_training_overlap,219,2,217,0.940092165898618,0.527220625778629,0.0091324200913242
allertopv2,homolog_C,rf_t5,0,remove_deepalgpro_training_overlap,221,1,220,1.0,1.0,0.004524886877828
allertopv2,homolog_C,rf_t5,0,remove_plm4alg_training_overlap,116,0,116,,,
allertopv2,homolog_C,rf_xtrimopglm_100b,0,remove_algpred2_training_overlap,224,3,221,0.998491704374057,0.904105975849406,0.0133928571428571
allertopv2,homolog_C,rf_xtrimopglm_100b,0,remove_allergenfp_training_overlap,219,2,217,0.941244239631336,0.182163416453659,0.0091324200913242
allertopv2,homolog_C,rf_xtrimopglm_100b,0,remove_allertop_training_overlap,227,4,223,0.947869955156951,0.456405857047716,0.0176211453744493
allertopv2,homolog_C,rf_xtrimopglm_100b,0,remove_allertopv2_training_overlap,219,2,217,0.941244239631336,0.182163416453659,0.0091324200913242
allertopv2,homolog_C,rf_xtrimopglm_100b,0,remove_deepalgpro_training_overlap,221,1,220,1.0,1.0,0.004524886877828
allertopv2,homolog_C,rf_xtrimopglm_100b,0,remove_plm4alg_training_overlap,116,0,116,,,
allertopv2,homolog_C,rf_xtrimopglm_10b,0,remove_algpred2_training_overlap,224,3,221,0.986425339366516,0.738965869031111,0.0133928571428571
allertopv2,homolog_C,rf_xtrimopglm_10b,0,remove_allergenfp_training_overlap,219,2,217,0.875576036866359,0.0419880620680969,0.0091324200913242
allertopv2,homolog_C,rf_xtrimopglm_10b,0,remove_allertop_training_overlap,227,4,223,0.929372197309417,0.357809516182825,0.0176211453744493
allertopv2,homolog_C,rf_xtrimopglm_10b,0,remove_allertopv2_training_overlap,219,2,217,0.875576036866359,0.0419880620680969,0.0091324200913242
allertopv2,homolog_C,rf_xtrimopglm_10b,0,remove_deepalgpro_training_overlap,221,1,220,1.0,1.0,0.004524886877828
allertopv2,homolog_C,rf_xtrimopglm_10b,0,remove_plm4alg_training_overlap,116,0,116,,,
allertopv2,homolog_S,rf_esm2,0,remove_algpred2_training_overlap,417,12,405,0.997736625514403,0.959252550976736,0.0287769784172662
allertopv2,homolog_S,rf_esm2,0,remove_allergenfp_training_overlap,412,0,412,,,
allertopv2,homolog_S,rf_esm2,0,remove_allertop_training_overlap,416,0,416,,,
allertopv2,homolog_S,rf_esm2,0,remove_allertopv2_training_overlap,412,0,412,,,
allertopv2,homolog_S,rf_esm2,0,remove_deepalgpro_training_overlap,408,4,404,0.993193069306931,0.810269603410884,0.0098039215686274
allertopv2,homolog_S,rf_esm2,0,remove_plm4alg_training_overlap,141,0,141,,,
allertopv2,homolog_S,rf_t5,0,remove_algpred2_training_overlap,417,12,405,0.997942386831276,0.961233320304256,0.0287769784172662
allertopv2,homolog_S,rf_t5,0,remove_allergenfp_training_overlap,412,0,412,,,
allertopv2,homolog_S,rf_t5,0,remove_allertop_training_overlap,416,0,416,,,
allertopv2,homolog_S,rf_t5,0,remove_allertopv2_training_overlap,412,0,412,,,
allertopv2,homolog_S,rf_t5,0,remove_deepalgpro_training_overlap,408,4,404,0.975866336633663,0.770577650250609,0.0098039215686274
allertopv2,homolog_S,rf_t5,0,remove_plm4alg_training_overlap,141,0,141,,,
allertopv2,homolog_S,rf_xtrimopglm_100b,0,remove_algpred2_training_overlap,417,12,405,0.996090534979424,0.948082780530265,0.0287769784172662
allertopv2,homolog_S,rf_xtrimopglm_100b,0,remove_allergenfp_training_overlap,412,0,412,,,
allertopv2,homolog_S,rf_xtrimopglm_100b,0,remove_allertop_training_overlap,416,0,416,,,
allertopv2,homolog_S,rf_xtrimopglm_100b,0,remove_allertopv2_training_overlap,412,0,412,,,
allertopv2,homolog_S,rf_xtrimopglm_100b,0,remove_deepalgpro_training_overlap,408,4,404,0.979579207920792,0.773958462948056,0.0098039215686274
allertopv2,homolog_S,rf_xtrimopglm_100b,0,remove_plm4alg_training_overlap,141,0,141,,,
allertopv2,homolog_S,rf_xtrimopglm_10b,0,remove_algpred2_training_overlap,417,12,405,0.989711934156379,0.88976332738431,0.0287769784172662
allertopv2,homolog_S,rf_xtrimopglm_10b,0,remove_allergenfp_training_overlap,412,0,412,,,
allertopv2,homolog_S,rf_xtrimopglm_10b,0,remove_allertop_training_overlap,416,0,416,,,
allertopv2,homolog_S,rf_xtrimopglm_10b,0,remove_allertopv2_training_overlap,412,0,412,,,
allertopv2,homolog_S,rf_xtrimopglm_10b,0,remove_deepalgpro_training_overlap,408,4,404,0.970915841584158,0.592978674031824,0.0098039215686274
allertopv2,homolog_S,rf_xtrimopglm_10b,0,remove_plm4alg_training_overlap,141,0,141,,,
allertopv2,homolog_T,rf_esm2,0,remove_algpred2_training_overlap,45,3,42,0.702380952380952,0.249193763700889,0.0666666666666667
allertopv2,homolog_T,rf_esm2,0,remove_allergenfp_training_overlap,41,3,38,0.995614035087719,0.948857863426658,0.0731707317073171
allertopv2,homolog_T,rf_esm2,0,remove_allertop_training_overlap,55,3,52,0.91025641025641,0.233410230970135,0.0545454545454545
allertopv2,homolog_T,rf_esm2,0,remove_allertopv2_training_overlap,39,3,36,0.99537037037037,0.948857863426658,0.0769230769230769
allertopv2,homolog_T,rf_esm2,0,remove_deepalgpro_training_overlap,43,1,42,1.0,1.0,0.0232558139534884
allertopv2,homolog_T,rf_esm2,0,remove_plm4alg_training_overlap,29,0,29,,,
allertopv2,homolog_T,rf_t5,0,remove_algpred2_training_overlap,45,3,42,0.73015873015873,0.689478292534703,0.0666666666666667
allertopv2,homolog_T,rf_t5,0,remove_allergenfp_training_overlap,41,3,38,0.87719298245614,0.717085098189971,0.0731707317073171
allertopv2,homolog_T,rf_t5,0,remove_allertop_training_overlap,55,3,52,0.753205128205128,0.112290509407366,0.0545454545454545
allertopv2,homolog_T,rf_t5,0,remove_allertopv2_training_overlap,39,3,36,0.87037037037037,0.717085098189971,0.0769230769230769
allertopv2,homolog_T,rf_t5,0,remove_deepalgpro_training_overlap,43,1,42,1.0,1.0,0.0232558139534884
allertopv2,homolog_T,rf_t5,0,remove_plm4alg_training_overlap,29,0,29,,,
allertopv2,homolog_T,rf_xtrimopglm_100b,0,remove_algpred2_training_overlap,45,3,42,0.841269841269841,0.703654916194441,0.0666666666666667
allertopv2,homolog_T,rf_xtrimopglm_100b,0,remove_allergenfp_training_overlap,41,3,38,0.964912280701754,0.794465760230322,0.0731707317073171
allertopv2,homolog_T,rf_xtrimopglm_100b,0,remove_allertop_training_overlap,55,3,52,0.961538461538462,0.764433928687233,0.0545454545454545
allertopv2,homolog_T,rf_xtrimopglm_100b,0,remove_allertopv2_training_overlap,39,3,36,0.962962962962963,0.794465760230322,0.0769230769230769
allertopv2,homolog_T,rf_xtrimopglm_100b,0,remove_deepalgpro_training_overlap,43,1,42,1.0,1.0,0.0232558139534884
allertopv2,homolog_T,rf_xtrimopglm_100b,0,remove_plm4alg_training_overlap,29,0,29,,,
allertopv2,homolog_T,rf_xtrimopglm_10b,0,remove_algpred2_training_overlap,45,3,42,0.78968253968254,0.465063681140147,0.0666666666666667
allertopv2,homolog_T,rf_xtrimopglm_10b,0,remove_allergenfp_training_overlap,41,3,38,1.0,1.0,0.0731707317073171
allertopv2,homolog_T,rf_xtrimopglm_10b,0,remove_allertop_training_overlap,55,3,52,0.971153846153846,0.49278291748934,0.0545454545454545
allertopv2,homolog_T,rf_xtrimopglm_10b,0,remove_allertopv2_training_overlap,39,3,36,1.0,1.0,0.0769230769230769
allertopv2,homolog_T,rf_xtrimopglm_10b,0,remove_deepalgpro_training_overlap,43,1,42,1.0,1.0,0.0232558139534884
allertopv2,homolog_T,rf_xtrimopglm_10b,0,remove_plm4alg_training_overlap,29,0,29,,,
allertopv2,mutations,rf_esm2,0,remove_algpred2_training_overlap,53,11,42,0.738095238095238,0.365913794858395,0.207547169811321
allertopv2,mutations,rf_esm2,0,remove_allergenfp_training_overlap,43,8,35,0.760714285714286,0.355827816701938,0.186046511627907
allertopv2,mutations,rf_esm2,0,remove_allertop_training_overlap,39,6,33,0.79040404040404,0.346337907385638,0.153846153846154
allertopv2,mutations,rf_esm2,0,remove_allertopv2_training_overlap,39,6,33,0.79040404040404,0.346337907385638,0.153846153846154
allertopv2,mutations,rf_esm2,0,remove_deepalgpro_training_overlap,54,12,42,0.75,0.380379840755836,0.222222222222222
allertopv2,mutations,rf_esm2,0,remove_plm4alg_training_overlap,42,6,36,0.782407407407407,0.334723346667194,0.142857142857143
allertopv2,mutations,rf_t5,0,remove_algpred2_training_overlap,53,11,42,0.787878787878788,0.42499744758006,0.207547169811321
allertopv2,mutations,rf_t5,0,remove_allergenfp_training_overlap,43,8,35,0.783928571428571,0.352276060401539,0.186046511627907
allertopv2,mutations,rf_t5,0,remove_allertop_training_overlap,39,6,33,0.77020202020202,0.27572487943426,0.153846153846154
allertopv2,mutations,rf_t5,0,remove_allertopv2_training_overlap,39,6,33,0.77020202020202,0.27572487943426,0.153846153846154
allertopv2,mutations,rf_t5,0,remove_deepalgpro_training_overlap,54,12,42,0.798611111111111,0.437098053355867,0.222222222222222
allertopv2,mutations,rf_t5,0,remove_plm4alg_training_overlap,42,6,36,0.773148148148148,0.376948547142886,0.142857142857143
allertopv2,mutations,rf_xtrimopglm_100b,0,remove_algpred2_training_overlap,53,11,42,0.767316017316017,0.414586258844659,0.207547169811321
allertopv2,mutations,rf_xtrimopglm_100b,0,remove_allergenfp_training_overlap,43,8,35,0.783928571428571,0.415260837240674,0.186046511627907
allertopv2,mutations,rf_xtrimopglm_100b,0,remove_allertop_training_overlap,39,6,33,0.78030303030303,0.26428557082366,0.153846153846154
allertopv2,mutations,rf_xtrimopglm_100b,0,remove_allertopv2_training_overlap,39,6,33,0.78030303030303,0.26428557082366,0.153846153846154
allertopv2,mutations,rf_xtrimopglm_100b,0,remove_deepalgpro_training_overlap,54,12,42,0.784722222222222,0.430346438840794,0.222222222222222
allertopv2,mutations,rf_xtrimopglm_100b,0,remove_plm4alg_training_overlap,42,6,36,0.824074074074074,0.299397305495825,0.142857142857143
allertopv2,mutations,rf_xtrimopglm_10b,0,remove_algpred2_training_overlap,53,11,42,0.773809523809524,0.405390753239575,0.207547169811321
allertopv2,mutations,rf_xtrimopglm_10b,0,remove_allergenfp_training_overlap,43,8,35,0.801785714285714,0.368837658595771,0.186046511627907
allertopv2,mutations,rf_xtrimopglm_10b,0,remove_allertop_training_overlap,39,6,33,0.828282828282828,0.359093967756319,0.153846153846154
allertopv2,mutations,rf_xtrimopglm_10b,0,remove_allertopv2_training_overlap,39,6,33,0.828282828282828,0.359093967756319,0.153846153846154
allertopv2,mutations,rf_xtrimopglm_10b,0,remove_deepalgpro_training_overlap,54,12,42,0.778769841269841,0.416689855095596,0.222222222222222
allertopv2,mutations,rf_xtrimopglm_10b,0,remove_plm4alg_training_overlap,42,6,36,0.819444444444444,0.344245197712181,0.142857142857143
deepalgpro,bydate_1_WH,rf_esm2,0,remove_algpred2_training_overlap,3700,48,3652,0.962112655166119,0.663108574232621,0.012972972972973
deepalgpro,bydate_1_WH,rf_esm2,0,remove_allergenfp_training_overlap,3699,47,3652,0.961396844631913,0.658902782196462,0.012706136793728
deepalgpro,bydate_1_WH,rf_esm2,0,remove_allertop_training_overlap,3698,46,3652,0.963039906662222,0.67147044859701,0.0124391563007031
deepalgpro,bydate_1_WH,rf_esm2,0,remove_allertopv2_training_overlap,3699,47,3652,0.961396844631913,0.658902782196462,0.012706136793728
deepalgpro,bydate_1_WH,rf_esm2,0,remove_deepalgpro_training_overlap,3636,28,3608,0.937331723154894,0.471034740935234,0.0077007700770077
deepalgpro,bydate_1_WH,rf_esm2,0,remove_plm4alg_training_overlap,2356,14,2342,0.895358057826034,0.203281839899413,0.0059422750424448
deepalgpro,bydate_1_WH,rf_t5,0,remove_algpred2_training_overlap,3700,48,3652,0.980538631799927,0.718448245945421,0.012972972972973
deepalgpro,bydate_1_WH,rf_t5,0,remove_allergenfp_training_overlap,3699,47,3652,0.98021195031577,0.71245700663681,0.012706136793728
deepalgpro,bydate_1_WH,rf_t5,0,remove_allertop_training_overlap,3698,46,3652,0.984737368446116,0.726839053953097,0.0124391563007031
deepalgpro,bydate_1_WH,rf_t5,0,remove_allertopv2_training_overlap,3699,47,3652,0.98021195031577,0.71245700663681,0.012706136793728
deepalgpro,bydate_1_WH,rf_t5,0,remove_deepalgpro_training_overlap,3636,28,3608,0.968769797275895,0.583694363958101,0.0077007700770077
deepalgpro,bydate_1_WH,rf_t5,0,remove_plm4alg_training_overlap,2356,14,2342,0.974457118457972,0.242440276227304,0.0059422750424448
deepalgpro,bydate_1_WH,rf_xtrimopglm_100b,0,remove_algpred2_training_overlap,3700,48,3652,0.963766999817452,0.590491751077876,0.012972972972973
deepalgpro,bydate_1_WH,rf_xtrimopglm_100b,0,remove_allergenfp_training_overlap,3699,47,3652,0.963118431171495,0.583539668510742,0.012706136793728
deepalgpro,bydate_1_WH,rf_xtrimopglm_100b,0,remove_allertop_training_overlap,3698,46,3652,0.971781394352112,0.59599924500111,0.0124391563007031
deepalgpro,bydate_1_WH,rf_xtrimopglm_100b,0,remove_allertopv2_training_overlap,3699,47,3652,0.963118431171495,0.583539668510742,0.012706136793728
deepalgpro,bydate_1_WH,rf_xtrimopglm_100b,0,remove_deepalgpro_training_overlap,3636,28,3608,0.940746753246753,0.411966121379126,0.0077007700770077
deepalgpro,bydate_1_WH,rf_xtrimopglm_100b,0,remove_plm4alg_training_overlap,2356,14,2342,0.924149078931316,0.09589293113266,0.0059422750424448
deepalgpro,bydate_1_WH,rf_xtrimopglm_10b,0,remove_algpred2_training_overlap,3700,48,3652,0.972572106608251,0.708681288569234,0.012972972972973
deepalgpro,bydate_1_WH,rf_xtrimopglm_10b,0,remove_allergenfp_training_overlap,3699,47,3652,0.972064272564144,0.704139135794511,0.012706136793728
deepalgpro,bydate_1_WH,rf_xtrimopglm_10b,0,remove_allertop_training_overlap,3698,46,3652,0.977876922710605,0.72154940652946,0.0124391563007031
deepalgpro,bydate_1_WH,rf_xtrimopglm_10b,0,remove_allertopv2_training_overlap,3699,47,3652,0.972064272564144,0.704139135794511,0.012706136793728
deepalgpro,bydate_1_WH,rf_xtrimopglm_10b,0,remove_deepalgpro_training_overlap,3636,28,3608,0.953916891035793,0.511902083852884,0.0077007700770077
deepalgpro,bydate_1_WH,rf_xtrimopglm_10b,0,remove_plm4alg_training_overlap,2356,14,2342,0.948075515432475,0.206104584151608,0.0059422750424448
deepalgpro,bydate_2_CO,rf_esm2,0,remove_algpred2_training_overlap,3744,92,3652,0.972232308681366,0.793211317600108,0.0245726495726496
deepalgpro,bydate_2_CO,rf_esm2,0,remove_allergenfp_training_overlap,3749,97,3652,0.967115886225314,0.762841203410834,0.0258735662843425
deepalgpro,bydate_2_CO,rf_esm2,0,remove_allertop_training_overlap,3748,96,3652,0.966915959291712,0.759803666463602,0.0256136606189968
deepalgpro,bydate_2_CO,rf_esm2,0,remove_allertopv2_training_overlap,3747,95,3652,0.966423589093215,0.75563602721374,0.0253536162263144
deepalgpro,bydate_2_CO,rf_esm2,0,remove_deepalgpro_training_overlap,3640,32,3608,0.925313539356984,0.369009666513057,0.0087912087912087
deepalgpro,bydate_2_CO,rf_esm2,0,remove_plm4alg_training_overlap,2342,0,2342,,,
deepalgpro,bydate_2_CO,rf_t5,0,remove_algpred2_training_overlap,3744,92,3652,0.96963397066527,0.806131640843916,0.0245726495726496
deepalgpro,bydate_2_CO,rf_t5,0,remove_allergenfp_training_overlap,3749,97,3652,0.966825126184212,0.77779651026544,0.0258735662843425
deepalgpro,bydate_2_CO,rf_t5,0,remove_allertop_training_overlap,3748,96,3652,0.966573681087988,0.77451379376359,0.0256136606189968
deepalgpro,bydate_2_CO,rf_t5,0,remove_allertopv2_training_overlap,3747,95,3652,0.96612670778809,0.77091621985147,0.0253536162263144
deepalgpro,bydate_2_CO,rf_t5,0,remove_deepalgpro_training_overlap,3640,32,3608,0.913841636640798,0.424022770304433,0.0087912087912087
deepalgpro,bydate_2_CO,rf_t5,0,remove_plm4alg_training_overlap,2342,0,2342,,,
deepalgpro,bydate_2_CO,rf_xtrimopglm_100b,0,remove_algpred2_training_overlap,3744,92,3652,0.97190342397257,0.793933688731907,0.0245726495726496
deepalgpro,bydate_2_CO,rf_xtrimopglm_100b,0,remove_allergenfp_training_overlap,3749,97,3652,0.968535811474577,0.766086162987355,0.0258735662843425
deepalgpro,bydate_2_CO,rf_xtrimopglm_100b,0,remove_allertop_training_overlap,3748,96,3652,0.968336413837167,0.762905163427464,0.0256136606189968
deepalgpro,bydate_2_CO,rf_xtrimopglm_100b,0,remove_allertopv2_training_overlap,3747,95,3652,0.967873407505621,0.758789376630212,0.0253536162263144
deepalgpro,bydate_2_CO,rf_xtrimopglm_100b,0,remove_deepalgpro_training_overlap,3640,32,3608,0.919319914079823,0.384736866763501,0.0087912087912087
deepalgpro,bydate_2_CO,rf_xtrimopglm_100b,0,remove_plm4alg_training_overlap,2342,0,2342,,,
deepalgpro,bydate_2_CO,rf_xtrimopglm_10b,0,remove_algpred2_training_overlap,3744,92,3652,0.952073610648126,0.804812539090942,0.0245726495726496
deepalgpro,bydate_2_CO,rf_xtrimopglm_10b,0,remove_allergenfp_training_overlap,3749,97,3652,0.944766883842775,0.772965710195596,0.0258735662843425
deepalgpro,bydate_2_CO,rf_xtrimopglm_10b,0,remove_allertop_training_overlap,3748,96,3652,0.94434556407448,0.770833875606939,0.0256136606189968
deepalgpro,bydate_2_CO,rf_xtrimopglm_10b,0,remove_allertopv2_training_overlap,3747,95,3652,0.94360408139736,0.766708772960865,0.0253536162263144
deepalgpro,bydate_2_CO,rf_xtrimopglm_10b,0,remove_deepalgpro_training_overlap,3640,32,3608,0.857603762472284,0.360305974705823,0.0087912087912087
deepalgpro,bydate_2_CO,rf_xtrimopglm_10b,0,remove_plm4alg_training_overlap,2342,0,2342,,,
deepalgpro,bydate_3_AO,rf_esm2,0,remove_algpred2_training_overlap,3710,58,3652,0.973222041772104,0.825118688757977,0.015633423180593
deepalgpro,bydate_3_AO,rf_esm2,0,remove_allergenfp_training_overlap,3712,60,3652,0.974160277473531,0.834920970011799,0.0161637931034483
deepalgpro,bydate_3_AO,rf_esm2,0,remove_allertop_training_overlap,3711,59,3652,0.973805855161787,0.831381100594661,0.0158986796011857
deepalgpro,bydate_3_AO,rf_esm2,0,remove_allertopv2_training_overlap,3711,59,3652,0.973722316074777,0.830918206216439,0.0158986796011857
deepalgpro,bydate_3_AO,rf_esm2,0,remove_deepalgpro_training_overlap,3622,14,3608,0.898331089642065,0.426767204632554,0.0038652678078409
deepalgpro,bydate_3_AO,rf_esm2,0,remove_plm4alg_training_overlap,2342,0,2342,,,
deepalgpro,bydate_3_AO,rf_t5,0,remove_algpred2_training_overlap,3710,58,3652,0.986828190504967,0.878175044909524,0.015633423180593
deepalgpro,bydate_3_AO,rf_t5,0,remove_allergenfp_training_overlap,3712,60,3652,0.987308324205915,0.884855280447573,0.0161637931034483
deepalgpro,bydate_3_AO,rf_t5,0,remove_allertop_training_overlap,3711,59,3652,0.98711641635881,0.882022451007206,0.0158986796011857
deepalgpro,bydate_3_AO,rf_t5,0,remove_allertopv2_training_overlap,3711,59,3652,0.987093211056862,0.881996301195666,0.0158986796011857
deepalgpro,bydate_3_AO,rf_t5,0,remove_deepalgpro_training_overlap,3622,14,3608,0.953407111181501,0.619339102426785,0.0038652678078409
deepalgpro,bydate_3_AO,rf_t5,0,remove_plm4alg_training_overlap,2342,0,2342,,,
deepalgpro,bydate_3_AO,rf_xtrimopglm_100b,0,remove_algpred2_training_overlap,3710,58,3652,0.986304150772368,0.843957193350915,0.015633423180593
deepalgpro,bydate_3_AO,rf_xtrimopglm_100b,0,remove_allergenfp_training_overlap,3712,60,3652,0.986820007301935,0.854384643589525,0.0161637931034483
deepalgpro,bydate_3_AO,rf_xtrimopglm_100b,0,remove_allertop_training_overlap,3711,59,3652,0.986652310319862,0.850758369919703,0.0158986796011857
deepalgpro,bydate_3_AO,rf_xtrimopglm_100b,0,remove_allertopv2_training_overlap,3711,59,3652,0.986596617595188,0.850616520354899,0.0158986796011857
deepalgpro,bydate_3_AO,rf_xtrimopglm_100b,0,remove_deepalgpro_training_overlap,3622,14,3608,0.949833702882483,0.453409500627017,0.0038652678078409
deepalgpro,bydate_3_AO,rf_xtrimopglm_100b,0,remove_plm4alg_training_overlap,2342,0,2342,,,
deepalgpro,bydate_3_AO,rf_xtrimopglm_10b,0,remove_algpred2_training_overlap,3710,58,3652,0.991022868905087,0.899641824273066,0.015633423180593
deepalgpro,bydate_3_AO,rf_xtrimopglm_10b,0,remove_allergenfp_training_overlap,3712,60,3652,0.991376871120847,0.906909676530925,0.0161637931034483
deepalgpro,bydate_3_AO,rf_xtrimopglm_10b,0,remove_allertop_training_overlap,3711,59,3652,0.991295691239534,0.905391274002866,0.0158986796011857
deepalgpro,bydate_3_AO,rf_xtrimopglm_10b,0,remove_allertopv2_training_overlap,3711,59,3652,0.991230716394082,0.904662537630592,0.0158986796011857
deepalgpro,bydate_3_AO,rf_xtrimopglm_10b,0,remove_deepalgpro_training_overlap,3622,14,3608,0.966265441875198,0.555101795845923,0.0038652678078409
deepalgpro,bydate_3_AO,rf_xtrimopglm_10b,0,remove_plm4alg_training_overlap,2342,0,2342,,,
deepalgpro,homolog_A,rf_esm2,0,remove_algpred2_training_overlap,24,10,14,0.946428571428571,0.948851184155768,0.416666666666667
deepalgpro,homolog_A,rf_esm2,0,remove_allergenfp_training_overlap,20,7,13,0.93956043956044,0.934537645880827,0.35
deepalgpro,homolog_A,rf_esm2,0,remove_allertop_training_overlap,22,8,14,0.941964285714286,0.941971901363771,0.363636363636364
deepalgpro,homolog_A,rf_esm2,0,remove_allertopv2_training_overlap,20,7,13,0.93956043956044,0.934537645880827,0.35
deepalgpro,homolog_A,rf_esm2,0,remove_deepalgpro_training_overlap,15,2,13,1.0,1.0,0.133333333333333
deepalgpro,homolog_A,rf_esm2,0,remove_plm4alg_training_overlap,7,0,7,,,
deepalgpro,homolog_A,rf_t5,0,remove_algpred2_training_overlap,24,10,14,0.95,0.957562764728496,0.416666666666667
deepalgpro,homolog_A,rf_t5,0,remove_allergenfp_training_overlap,20,7,13,0.934065934065934,0.931391964851254,0.35
deepalgpro,homolog_A,rf_t5,0,remove_allertop_training_overlap,22,8,14,0.9375,0.939631237448918,0.363636363636364
deepalgpro,homolog_A,rf_t5,0,remove_allertopv2_training_overlap,20,7,13,0.934065934065934,0.931391964851254,0.35
deepalgpro,homolog_A,rf_t5,0,remove_deepalgpro_training_overlap,15,2,13,1.0,1.0,0.133333333333333
deepalgpro,homolog_A,rf_t5,0,remove_plm4alg_training_overlap,7,0,7,,,
deepalgpro,homolog_A,rf_xtrimopglm_100b,0,remove_algpred2_training_overlap,24,10,14,0.95,0.950740835751675,0.416666666666667
deepalgpro,homolog_A,rf_xtrimopglm_100b,0,remove_allergenfp_training_overlap,20,7,13,0.945054945054945,0.937849016435979,0.35
deepalgpro,homolog_A,rf_xtrimopglm_100b,0,remove_allertop_training_overlap,22,8,14,0.946428571428571,0.944419020884709,0.363636363636364
deepalgpro,homolog_A,rf_xtrimopglm_100b,0,remove_allertopv2_training_overlap,20,7,13,0.945054945054945,0.937849016435979,0.35
deepalgpro,homolog_A,rf_xtrimopglm_100b,0,remove_deepalgpro_training_overlap,15,2,13,1.0,1.0,0.133333333333333
deepalgpro,homolog_A,rf_xtrimopglm_100b,0,remove_plm4alg_training_overlap,7,0,7,,,
deepalgpro,homolog_A,rf_xtrimopglm_10b,0,remove_algpred2_training_overlap,24,10,14,0.907142857142857,0.904473578527516,0.416666666666667
deepalgpro,homolog_A,rf_xtrimopglm_10b,0,remove_allergenfp_training_overlap,20,7,13,0.934065934065934,0.931391964851254,0.35
deepalgpro,homolog_A,rf_xtrimopglm_10b,0,remove_allertop_training_overlap,22,8,14,0.9375,0.939631237448918,0.363636363636364
deepalgpro,homolog_A,rf_xtrimopglm_10b,0,remove_allertopv2_training_overlap,20,7,13,0.934065934065934,0.931391964851254,0.35
deepalgpro,homolog_A,rf_xtrimopglm_10b,0,remove_deepalgpro_training_overlap,15,2,13,0.961538461538462,0.797267445945918,0.133333333333333
deepalgpro,homolog_A,rf_xtrimopglm_10b,0,remove_plm4alg_training_overlap,7,0,7,,,
deepalgpro,homolog_C,rf_esm2,0,remove_algpred2_training_overlap,224,3,221,1.0,1.0,0.0133928571428571
deepalgpro,homolog_C,rf_esm2,0,remove_allergenfp_training_overlap,219,2,217,1.0,1.0,0.0091324200913242
deepalgpro,homolog_C,rf_esm2,0,remove_allertop_training_overlap,227,4,223,0.992152466367713,0.833207185342432,0.0176211453744493
deepalgpro,homolog_C,rf_esm2,0,remove_allertopv2_training_overlap,219,2,217,1.0,1.0,0.0091324200913242
deepalgpro,homolog_C,rf_esm2,0,remove_deepalgpro_training_overlap,221,1,220,1.0,1.0,0.004524886877828
deepalgpro,homolog_C,rf_esm2,0,remove_plm4alg_training_overlap,116,0,116,,,
deepalgpro,homolog_C,rf_t5,0,remove_algpred2_training_overlap,224,3,221,1.0,1.0,0.0133928571428571
deepalgpro,homolog_C,rf_t5,0,remove_allergenfp_training_overlap,219,2,217,1.0,1.0,0.0091324200913242
deepalgpro,homolog_C,rf_t5,0,remove_allertop_training_overlap,227,4,223,0.998878923766816,0.944214112171448,0.0176211453744493
deepalgpro,homolog_C,rf_t5,0,remove_allertopv2_training_overlap,219,2,217,1.0,1.0,0.0091324200913242
deepalgpro,homolog_C,rf_t5,0,remove_deepalgpro_training_overlap,221,1,220,1.0,1.0,0.004524886877828
deepalgpro,homolog_C,rf_t5,0,remove_plm4alg_training_overlap,116,0,116,,,
deepalgpro,homolog_C,rf_xtrimopglm_100b,0,remove_algpred2_training_overlap,224,3,221,1.0,1.0,0.0133928571428571
deepalgpro,homolog_C,rf_xtrimopglm_100b,0,remove_allergenfp_training_overlap,219,2,217,1.0,1.0,0.0091324200913242
deepalgpro,homolog_C,rf_xtrimopglm_100b,0,remove_allertop_training_overlap,227,4,223,0.998878923766816,0.944214112171448,0.0176211453744493
deepalgpro,homolog_C,rf_xtrimopglm_100b,0,remove_allertopv2_training_overlap,219,2,217,1.0,1.0,0.0091324200913242
deepalgpro,homolog_C,rf_xtrimopglm_100b,0,remove_deepalgpro_training_overlap,221,1,220,1.0,1.0,0.004524886877828
deepalgpro,homolog_C,rf_xtrimopglm_100b,0,remove_plm4alg_training_overlap,116,0,116,,,
deepalgpro,homolog_C,rf_xtrimopglm_10b,0,remove_algpred2_training_overlap,224,3,221,1.0,1.0,0.0133928571428571
deepalgpro,homolog_C,rf_xtrimopglm_10b,0,remove_allergenfp_training_overlap,219,2,217,1.0,1.0,0.0091324200913242
deepalgpro,homolog_C,rf_xtrimopglm_10b,0,remove_allertop_training_overlap,227,4,223,1.0,1.0,0.0176211453744493
deepalgpro,homolog_C,rf_xtrimopglm_10b,0,remove_allertopv2_training_overlap,219,2,217,1.0,1.0,0.0091324200913242
deepalgpro,homolog_C,rf_xtrimopglm_10b,0,remove_deepalgpro_training_overlap,221,1,220,1.0,1.0,0.004524886877828
deepalgpro,homolog_C,rf_xtrimopglm_10b,0,remove_plm4alg_training_overlap,116,0,116,,,
deepalgpro,homolog_S,rf_esm2,0,remove_algpred2_training_overlap,417,12,405,0.997736625514403,0.950066925594003,0.0287769784172662
deepalgpro,homolog_S,rf_esm2,0,remove_allergenfp_training_overlap,412,0,412,,,
deepalgpro,homolog_S,rf_esm2,0,remove_allertop_training_overlap,416,0,416,,,
deepalgpro,homolog_S,rf_esm2,0,remove_allertopv2_training_overlap,412,0,412,,,
deepalgpro,homolog_S,rf_esm2,0,remove_deepalgpro_training_overlap,408,4,404,0.964727722772277,0.628460765765178,0.0098039215686274
deepalgpro,homolog_S,rf_esm2,0,remove_plm4alg_training_overlap,141,0,141,,,
deepalgpro,homolog_S,rf_t5,0,remove_algpred2_training_overlap,417,12,405,0.997736625514403,0.935478858873442,0.0287769784172662
deepalgpro,homolog_S,rf_t5,0,remove_allergenfp_training_overlap,412,0,412,,,
deepalgpro,homolog_S,rf_t5,0,remove_allertop_training_overlap,416,0,416,,,
deepalgpro,homolog_S,rf_t5,0,remove_allertopv2_training_overlap,412,0,412,,,
deepalgpro,homolog_S,rf_t5,0,remove_deepalgpro_training_overlap,408,4,404,0.96875,0.69457603893637,0.0098039215686274
deepalgpro,homolog_S,rf_t5,0,remove_plm4alg_training_overlap,141,0,141,,,
deepalgpro,homolog_S,rf_xtrimopglm_100b,0,remove_algpred2_training_overlap,417,12,405,0.997942386831276,0.949933794553909,0.0287769784172662
deepalgpro,homolog_S,rf_xtrimopglm_100b,0,remove_allergenfp_training_overlap,412,0,412,,,
deepalgpro,homolog_S,rf_xtrimopglm_100b,0,remove_allertop_training_overlap,416,0,416,,,
deepalgpro,homolog_S,rf_xtrimopglm_100b,0,remove_allertopv2_training_overlap,412,0,412,,,
deepalgpro,homolog_S,rf_xtrimopglm_100b,0,remove_deepalgpro_training_overlap,408,4,404,0.979579207920792,0.663774813575189,0.0098039215686274
deepalgpro,homolog_S,rf_xtrimopglm_100b,0,remove_plm4alg_training_overlap,141,0,141,,,
deepalgpro,homolog_S,rf_xtrimopglm_10b,0,remove_algpred2_training_overlap,417,12,405,0.998971193415638,0.97123621153834,0.0287769784172662
deepalgpro,homolog_S,rf_xtrimopglm_10b,0,remove_allergenfp_training_overlap,412,0,412,,,
deepalgpro,homolog_S,rf_xtrimopglm_10b,0,remove_allertop_training_overlap,416,0,416,,,
deepalgpro,homolog_S,rf_xtrimopglm_10b,0,remove_allertopv2_training_overlap,412,0,412,,,
deepalgpro,homolog_S,rf_xtrimopglm_10b,0,remove_deepalgpro_training_overlap,408,4,404,0.977722772277228,0.582893097718145,0.0098039215686274
deepalgpro,homolog_S,rf_xtrimopglm_10b,0,remove_plm4alg_training_overlap,141,0,141,,,
deepalgpro,homolog_T,rf_esm2,0,remove_algpred2_training_overlap,45,3,42,0.722222222222222,0.688870450708118,0.0666666666666667
deepalgpro,homolog_T,rf_esm2,0,remove_allergenfp_training_overlap,41,3,38,0.991228070175439,0.904105975849406,0.0731707317073171
deepalgpro,homolog_T,rf_esm2,0,remove_allertop_training_overlap,55,3,52,0.951923076923077,0.639418398533774,0.0545454545454545
deepalgpro,homolog_T,rf_esm2,0,remove_allertopv2_training_overlap,39,3,36,0.990740740740741,0.904105975849406,0.0769230769230769
deepalgpro,homolog_T,rf_esm2,0,remove_deepalgpro_training_overlap,43,1,42,1.0,1.0,0.0232558139534884
deepalgpro,homolog_T,rf_esm2,0,remove_plm4alg_training_overlap,29,0,29,,,
deepalgpro,homolog_T,rf_t5,0,remove_algpred2_training_overlap,45,3,42,0.722222222222222,0.688870450708118,0.0666666666666667
deepalgpro,homolog_T,rf_t5,0,remove_allergenfp_training_overlap,41,3,38,0.903508771929825,0.728270768769686,0.0731707317073171
deepalgpro,homolog_T,rf_t5,0,remove_allertop_training_overlap,55,3,52,0.801282051282051,0.157771175754683,0.0545454545454545
deepalgpro,homolog_T,rf_t5,0,remove_allertopv2_training_overlap,39,3,36,0.898148148148148,0.728270768769686,0.0769230769230769
deepalgpro,homolog_T,rf_t5,0,remove_deepalgpro_training_overlap,43,1,42,1.0,1.0,0.0232558139534884
deepalgpro,homolog_T,rf_t5,0,remove_plm4alg_training_overlap,29,0,29,,,
deepalgpro,homolog_T,rf_xtrimopglm_100b,0,remove_algpred2_training_overlap,45,3,42,0.801587301587302,0.696936298576044,0.0666666666666667
deepalgpro,homolog_T,rf_xtrimopglm_100b,0,remove_allergenfp_training_overlap,41,3,38,0.986842105263158,0.828990333238416,0.0731707317073171
deepalgpro,homolog_T,rf_xtrimopglm_100b,0,remove_allertop_training_overlap,55,3,52,0.977564102564103,0.742562800595054,0.0545454545454545
deepalgpro,homolog_T,rf_xtrimopglm_100b,0,remove_allertopv2_training_overlap,39,3,36,0.986111111111111,0.828990333238416,0.0769230769230769
deepalgpro,homolog_T,rf_xtrimopglm_100b,0,remove_deepalgpro_training_overlap,43,1,42,1.0,1.0,0.0232558139534884
deepalgpro,homolog_T,rf_xtrimopglm_100b,0,remove_plm4alg_training_overlap,29,0,29,,,
deepalgpro,homolog_T,rf_xtrimopglm_10b,0,remove_algpred2_training_overlap,45,3,42,0.73015873015873,0.689478292534703,0.0666666666666667
deepalgpro,homolog_T,rf_xtrimopglm_10b,0,remove_allergenfp_training_overlap,41,3,38,0.991228070175439,0.904105975849406,0.0731707317073171
deepalgpro,homolog_T,rf_xtrimopglm_10b,0,remove_allertop_training_overlap,55,3,52,0.971153846153846,0.719350117619332,0.0545454545454545
deepalgpro,homolog_T,rf_xtrimopglm_10b,0,remove_allertopv2_training_overlap,39,3,36,0.990740740740741,0.904105975849406,0.0769230769230769
deepalgpro,homolog_T,rf_xtrimopglm_10b,0,remove_deepalgpro_training_overlap,43,1,42,1.0,1.0,0.0232558139534884
deepalgpro,homolog_T,rf_xtrimopglm_10b,0,remove_plm4alg_training_overlap,29,0,29,,,
deepalgpro,mutations,rf_esm2,0,remove_algpred2_training_overlap,53,11,42,0.792207792207792,0.428115544072661,0.207547169811321
deepalgpro,mutations,rf_esm2,0,remove_allergenfp_training_overlap,43,8,35,0.803571428571429,0.401217615013042,0.186046511627907
deepalgpro,mutations,rf_esm2,0,remove_allertop_training_overlap,39,6,33,0.810606060606061,0.450462691650324,0.153846153846154
deepalgpro,mutations,rf_esm2,0,remove_allertopv2_training_overlap,39,6,33,0.810606060606061,0.450462691650324,0.153846153846154
deepalgpro,mutations,rf_esm2,0,remove_deepalgpro_training_overlap,54,12,42,0.780753968253968,0.428987657736984,0.222222222222222
deepalgpro,mutations,rf_esm2,0,remove_plm4alg_training_overlap,42,6,36,0.835648148148148,0.535429891915866,0.142857142857143
deepalgpro,mutations,rf_t5,0,remove_algpred2_training_overlap,53,11,42,0.742424242424242,0.501729393938873,0.207547169811321
deepalgpro,mutations,rf_t5,0,remove_allergenfp_training_overlap,43,8,35,0.714285714285714,0.438770221191101,0.186046511627907
deepalgpro,mutations,rf_t5,0,remove_allertop_training_overlap,39,6,33,0.656565656565657,0.222276829891942,0.153846153846154
deepalgpro,mutations,rf_t5,0,remove_allertopv2_training_overlap,39,6,33,0.656565656565657,0.222276829891942,0.153846153846154
deepalgpro,mutations,rf_t5,0,remove_deepalgpro_training_overlap,54,12,42,0.696428571428571,0.479377626150402,0.222222222222222
deepalgpro,mutations,rf_t5,0,remove_plm4alg_training_overlap,42,6,36,0.634259259259259,0.184455699978772,0.142857142857143
deepalgpro,mutations,rf_xtrimopglm_100b,0,remove_algpred2_training_overlap,53,11,42,0.792207792207792,0.480284949309992,0.207547169811321
deepalgpro,mutations,rf_xtrimopglm_100b,0,remove_allergenfp_training_overlap,43,8,35,0.8,0.443184917854378,0.186046511627907
deepalgpro,mutations,rf_xtrimopglm_100b,0,remove_allertop_training_overlap,39,6,33,0.77020202020202,0.305870674085587,0.153846153846154
deepalgpro,mutations,rf_xtrimopglm_100b,0,remove_allertopv2_training_overlap,39,6,33,0.77020202020202,0.305870674085587,0.153846153846154
deepalgpro,mutations,rf_xtrimopglm_100b,0,remove_deepalgpro_training_overlap,54,12,42,0.724206349206349,0.451703291153624,0.222222222222222
deepalgpro,mutations,rf_xtrimopglm_100b,0,remove_plm4alg_training_overlap,42,6,36,0.789351851851852,0.433838054307751,0.142857142857143
deepalgpro,mutations,rf_xtrimopglm_10b,0,remove_algpred2_training_overlap,53,11,42,0.755411255411255,0.521060937168914,0.207547169811321
deepalgpro,mutations,rf_xtrimopglm_10b,0,remove_allergenfp_training_overlap,43,8,35,0.735714285714286,0.504672184420117,0.186046511627907
deepalgpro,mutations,rf_xtrimopglm_10b,0,remove_allertop_training_overlap,39,6,33,0.679292929292929,0.339053887723638,0.153846153846154
deepalgpro,mutations,rf_xtrimopglm_10b,0,remove_allertopv2_training_overlap,39,6,33,0.679292929292929,0.339053887723638,0.153846153846154
deepalgpro,mutations,rf_xtrimopglm_10b,0,remove_deepalgpro_training_overlap,54,12,42,0.658730158730159,0.482730571367687,0.222222222222222
deepalgpro,mutations,rf_xtrimopglm_10b,0,remove_plm4alg_training_overlap,42,6,36,0.68287037037037,0.436911871701057,0.142857142857143
plm4alg,bydate_1_WH,rf_esm2,0,remove_algpred2_training_overlap,3700,48,3652,0.951633237495436,0.626821257684569,0.012972972972973
plm4alg,bydate_1_WH,rf_esm2,0,remove_allergenfp_training_overlap,3699,47,3652,0.950627461490061,0.61980220959433,0.012706136793728
plm4alg,bydate_1_WH,rf_esm2,0,remove_allertop_training_overlap,3698,46,3652,0.950914329253774,0.629737411265261,0.0124391563007031
plm4alg,bydate_1_WH,rf_esm2,0,remove_allertopv2_training_overlap,3699,47,3652,0.950627461490061,0.61980220959433,0.012706136793728
plm4alg,bydate_1_WH,rf_esm2,0,remove_deepalgpro_training_overlap,3636,28,3608,0.921206841938549,0.479270320737265,0.0077007700770077
plm4alg,bydate_1_WH,rf_esm2,0,remove_plm4alg_training_overlap,2356,14,2342,0.848282908381115,0.0835307419461833,0.0059422750424448
plm4alg,bydate_1_WH,rf_t5,0,remove_algpred2_training_overlap,3700,48,3652,0.983080047462578,0.672755000890525,0.012972972972973
plm4alg,bydate_1_WH,rf_t5,0,remove_allergenfp_training_overlap,3699,47,3652,0.982772482580224,0.668662609634566,0.012706136793728
plm4alg,bydate_1_WH,rf_t5,0,remove_allertop_training_overlap,3698,46,3652,0.984017096052193,0.680056609738387,0.0124391563007031
plm4alg,bydate_1_WH,rf_t5,0,remove_allertopv2_training_overlap,3699,47,3652,0.982772482580224,0.668662609634566,0.012706136793728
plm4alg,bydate_1_WH,rf_t5,0,remove_deepalgpro_training_overlap,3636,28,3608,0.976188826417485,0.552782918845673,0.0077007700770077
plm4alg,bydate_1_WH,rf_t5,0,remove_plm4alg_training_overlap,2356,14,2342,0.954937782115408,0.0976200773422554,0.0059422750424448
plm4alg,bydate_1_WH,rf_xtrimopglm_100b,0,remove_algpred2_training_overlap,3700,48,3652,0.97106893483023,0.613840119644987,0.012972972972973
plm4alg,bydate_1_WH,rf_xtrimopglm_100b,0,remove_allergenfp_training_overlap,3699,47,3652,0.970465032276106,0.603811699013603,0.012706136793728
plm4alg,bydate_1_WH,rf_xtrimopglm_100b,0,remove_allertop_training_overlap,3698,46,3652,0.973864826896519,0.615625231593084,0.0124391563007031
plm4alg,bydate_1_WH,rf_xtrimopglm_100b,0,remove_allertopv2_training_overlap,3699,47,3652,0.970465032276106,0.603811699013603,0.012706136793728
plm4alg,bydate_1_WH,rf_xtrimopglm_100b,0,remove_deepalgpro_training_overlap,3636,28,3608,0.960964721254355,0.461254725949048,0.0077007700770077
plm4alg,bydate_1_WH,rf_xtrimopglm_100b,0,remove_plm4alg_training_overlap,2356,14,2342,0.92425582530194,0.0599558767683588,0.0059422750424448
plm4alg,bydate_1_WH,rf_xtrimopglm_10b,0,remove_algpred2_training_overlap,3700,48,3652,0.966336938663746,0.628541957526191,0.012972972972973
plm4alg,bydate_1_WH,rf_xtrimopglm_10b,0,remove_allergenfp_training_overlap,3699,47,3652,0.965614877304188,0.61912822799801,0.012706136793728
plm4alg,bydate_1_WH,rf_xtrimopglm_10b,0,remove_allertop_training_overlap,3698,46,3652,0.967736558883756,0.630872218030819,0.0124391563007031
plm4alg,bydate_1_WH,rf_xtrimopglm_10b,0,remove_allertopv2_training_overlap,3699,47,3652,0.965614877304188,0.61912822799801,0.012706136793728
plm4alg,bydate_1_WH,rf_xtrimopglm_10b,0,remove_deepalgpro_training_overlap,3636,28,3608,0.947636205258157,0.462947822341542,0.0077007700770077
plm4alg,bydate_1_WH,rf_xtrimopglm_10b,0,remove_plm4alg_training_overlap,2356,14,2342,0.900253141393193,0.0525921732927683,0.0059422750424448
plm4alg,bydate_2_CO,rf_esm2,0,remove_algpred2_training_overlap,3744,92,3652,0.99724838087528,0.906140947154313,0.0245726495726496
plm4alg,bydate_2_CO,rf_esm2,0,remove_allergenfp_training_overlap,3749,97,3652,0.996808696830433,0.894276908111483,0.0258735662843425
plm4alg,bydate_2_CO,rf_esm2,0,remove_allertop_training_overlap,3748,96,3652,0.996775454089084,0.892007455101511,0.0256136606189968
plm4alg,bydate_2_CO,rf_esm2,0,remove_allertopv2_training_overlap,3747,95,3652,0.996741511500548,0.889656874220027,0.0253536162263144
plm4alg,bydate_2_CO,rf_esm2,0,remove_deepalgpro_training_overlap,3640,32,3608,0.996968542128603,0.738553561879692,0.0087912087912087
plm4alg,bydate_2_CO,rf_esm2,0,remove_plm4alg_training_overlap,2342,0,2342,,,
plm4alg,bydate_2_CO,rf_t5,0,remove_algpred2_training_overlap,3744,92,3652,0.997874898804705,0.918182039456453,0.0245726495726496
plm4alg,bydate_2_CO,rf_t5,0,remove_allergenfp_training_overlap,3749,97,3652,0.997630164519371,0.910701932571981,0.0258735662843425
plm4alg,bydate_2_CO,rf_t5,0,remove_allertop_training_overlap,3748,96,3652,0.997605478733114,0.908759979578705,0.0256136606189968
plm4alg,bydate_2_CO,rf_t5,0,remove_allertopv2_training_overlap,3747,95,3652,0.997580273246094,0.906752044954675,0.0253536162263144
plm4alg,bydate_2_CO,rf_t5,0,remove_deepalgpro_training_overlap,3640,32,3608,0.997120115022173,0.736318371895956,0.0087912087912087
plm4alg,bydate_2_CO,rf_t5,0,remove_plm4alg_training_overlap,2342,0,2342,,,
plm4alg,bydate_2_CO,rf_xtrimopglm_100b,0,remove_algpred2_training_overlap,3744,92,3652,0.998069848564217,0.917983996011602,0.0245726495726496
plm4alg,bydate_2_CO,rf_xtrimopglm_100b,0,remove_allergenfp_training_overlap,3749,97,3652,0.997864466300064,0.911534515529133,0.0258735662843425
plm4alg,bydate_2_CO,rf_xtrimopglm_100b,0,remove_allertop_training_overlap,3748,96,3652,0.997842221157357,0.909424740363962,0.0256136606189968
plm4alg,bydate_2_CO,rf_xtrimopglm_100b,0,remove_allertopv2_training_overlap,3747,95,3652,0.997819507695855,0.907230693134608,0.0253536162263144
plm4alg,bydate_2_CO,rf_xtrimopglm_100b,0,remove_deepalgpro_training_overlap,3640,32,3608,0.997345309035477,0.743359153339453,0.0087912087912087
plm4alg,bydate_2_CO,rf_xtrimopglm_100b,0,remove_plm4alg_training_overlap,2342,0,2342,,,
plm4alg,bydate_2_CO,rf_xtrimopglm_10b,0,remove_algpred2_training_overlap,3744,92,3652,0.99770227153674,0.910828270089117,0.0245726495726496
plm4alg,bydate_2_CO,rf_xtrimopglm_10b,0,remove_allergenfp_training_overlap,3749,97,3652,0.997256128544167,0.89897602485017,0.0258735662843425
plm4alg,bydate_2_CO,rf_xtrimopglm_10b,0,remove_allertop_training_overlap,3748,96,3652,0.997227546549836,0.896746665501716,0.0256136606189968
plm4alg,bydate_2_CO,rf_xtrimopglm_10b,0,remove_allertopv2_training_overlap,3747,95,3652,0.997198362829308,0.894437816838517,0.0253536162263144
plm4alg,bydate_2_CO,rf_xtrimopglm_10b,0,remove_deepalgpro_training_overlap,3640,32,3608,0.996327605321508,0.681642697466545,0.0087912087912087
plm4alg,bydate_2_CO,rf_xtrimopglm_10b,0,remove_plm4alg_training_overlap,2342,0,2342,,,
plm4alg,bydate_3_AO,rf_esm2,0,remove_algpred2_training_overlap,3710,58,3652,0.995082996563055,0.862458619769154,0.015633423180593
plm4alg,bydate_3_AO,rf_esm2,0,remove_allergenfp_training_overlap,3712,60,3652,0.99524689667762,0.869468913721445,0.0161637931034483
plm4alg,bydate_3_AO,rf_esm2,0,remove_allertop_training_overlap,3711,59,3652,0.995189540906306,0.86647315446565,0.0158986796011857
plm4alg,bydate_3_AO,rf_esm2,0,remove_allertopv2_training_overlap,3711,59,3652,0.995170976664748,0.86641445248792,0.0158986796011857
plm4alg,bydate_3_AO,rf_esm2,0,remove_deepalgpro_training_overlap,3622,14,3608,0.996278112131771,0.619792264725258,0.0038652678078409
plm4alg,bydate_3_AO,rf_esm2,0,remove_plm4alg_training_overlap,2342,0,2342,,,
plm4alg,bydate_3_AO,rf_t5,0,remove_algpred2_training_overlap,3710,58,3652,0.99657721796276,0.897022268281616,0.015633423180593
plm4alg,bydate_3_AO,rf_t5,0,remove_allergenfp_training_overlap,3712,60,3652,0.996695874406718,0.902642436026095,0.0161637931034483
plm4alg,bydate_3_AO,rf_t5,0,remove_allertop_training_overlap,3711,59,3652,0.996639872278018,0.899901176525112,0.0158986796011857
plm4alg,bydate_3_AO,rf_t5,0,remove_allertopv2_training_overlap,3711,59,3652,0.996639872278018,0.899901176525112,0.0158986796011857
plm4alg,bydate_3_AO,rf_t5,0,remove_deepalgpro_training_overlap,3622,14,3608,0.997376860943934,0.728611034531865,0.0038652678078409
plm4alg,bydate_3_AO,rf_t5,0,remove_plm4alg_training_overlap,2342,0,2342,,,
plm4alg,bydate_3_AO,rf_xtrimopglm_100b,0,remove_algpred2_training_overlap,3710,58,3652,0.997528515315179,0.887853057499485,0.015633423180593
plm4alg,bydate_3_AO,rf_xtrimopglm_100b,0,remove_allergenfp_training_overlap,3712,60,3652,0.99761546184739,0.895345328664553,0.0161637931034483
plm4alg,bydate_3_AO,rf_xtrimopglm_100b,0,remove_allertop_training_overlap,3711,59,3652,0.997579687006887,0.892688101419647,0.0158986796011857
plm4alg,bydate_3_AO,rf_xtrimopglm_100b,0,remove_allertopv2_training_overlap,3711,59,3652,0.997579687006887,0.892688101419647,0.0158986796011857
plm4alg,bydate_3_AO,rf_xtrimopglm_100b,0,remove_deepalgpro_training_overlap,3622,14,3608,0.997762907823883,0.646633597605778,0.0038652678078409
plm4alg,bydate_3_AO,rf_xtrimopglm_100b,0,remove_plm4alg_training_overlap,2342,0,2342,,,
plm4alg,bydate_3_AO,rf_xtrimopglm_10b,0,remove_algpred2_training_overlap,3710,58,3652,0.99670232654757,0.886113593946145,0.015633423180593
plm4alg,bydate_3_AO,rf_xtrimopglm_10b,0,remove_allergenfp_training_overlap,3712,60,3652,0.996816812705367,0.893068167624968,0.0161637931034483
plm4alg,bydate_3_AO,rf_xtrimopglm_10b,0,remove_allertop_training_overlap,3711,59,3652,0.996776783559508,0.889755920055313,0.0158986796011857
plm4alg,bydate_3_AO,rf_xtrimopglm_10b,0,remove_allertopv2_training_overlap,3711,59,3652,0.996762860378339,0.889698505043249,0.0158986796011857
plm4alg,bydate_3_AO,rf_xtrimopglm_10b,0,remove_deepalgpro_training_overlap,3622,14,3608,0.997535239151093,0.680257010515542,0.0038652678078409
plm4alg,bydate_3_AO,rf_xtrimopglm_10b,0,remove_plm4alg_training_overlap,2342,0,2342,,,
plm4alg,homolog_A,rf_esm2,0,remove_algpred2_training_overlap,24,10,14,0.957142857142857,0.961276887317457,0.416666666666667
plm4alg,homolog_A,rf_esm2,0,remove_allergenfp_training_overlap,20,7,13,0.945054945054945,0.937849016435979,0.35
plm4alg,homolog_A,rf_esm2,0,remove_allertop_training_overlap,22,8,14,0.946428571428571,0.944419020884709,0.363636363636364
plm4alg,homolog_A,rf_esm2,0,remove_allertopv2_training_overlap,20,7,13,0.945054945054945,0.937849016435979,0.35
plm4alg,homolog_A,rf_esm2,0,remove_deepalgpro_training_overlap,15,2,13,1.0,1.0,0.133333333333333
plm4alg,homolog_A,rf_esm2,0,remove_plm4alg_training_overlap,7,0,7,,,
plm4alg,homolog_A,rf_t5,0,remove_algpred2_training_overlap,24,10,14,0.885714285714286,0.823049399315569,0.416666666666667
plm4alg,homolog_A,rf_t5,0,remove_allergenfp_training_overlap,20,7,13,0.884615384615385,0.784822883109051,0.35
plm4alg,homolog_A,rf_t5,0,remove_allertop_training_overlap,22,8,14,0.883928571428572,0.798872862805476,0.363636363636364
plm4alg,homolog_A,rf_t5,0,remove_allertopv2_training_overlap,20,7,13,0.884615384615385,0.784822883109051,0.35
plm4alg,homolog_A,rf_t5,0,remove_deepalgpro_training_overlap,15,2,13,0.942307692307692,0.547267445945918,0.133333333333333
plm4alg,homolog_A,rf_t5,0,remove_plm4alg_training_overlap,7,0,7,,,
plm4alg,homolog_A,rf_xtrimopglm_100b,0,remove_algpred2_training_overlap,24,10,14,0.946428571428571,0.944291103301587,0.416666666666667
plm4alg,homolog_A,rf_xtrimopglm_100b,0,remove_allergenfp_training_overlap,20,7,13,0.950549450549451,0.941594396913854,0.35
plm4alg,homolog_A,rf_xtrimopglm_100b,0,remove_allertop_training_overlap,22,8,14,0.950892857142857,0.947134417489204,0.363636363636364
plm4alg,homolog_A,rf_xtrimopglm_100b,0,remove_allertopv2_training_overlap,20,7,13,0.950549450549451,0.941594396913854,0.35
plm4alg,homolog_A,rf_xtrimopglm_100b,0,remove_deepalgpro_training_overlap,15,2,13,1.0,1.0,0.133333333333333
plm4alg,homolog_A,rf_xtrimopglm_100b,0,remove_plm4alg_training_overlap,7,0,7,,,
plm4alg,homolog_A,rf_xtrimopglm_10b,0,remove_algpred2_training_overlap,24,10,14,0.921428571428571,0.917481500682404,0.416666666666667
plm4alg,homolog_A,rf_xtrimopglm_10b,0,remove_allergenfp_training_overlap,20,7,13,0.945054945054945,0.937849016435979,0.35
plm4alg,homolog_A,rf_xtrimopglm_10b,0,remove_allertop_training_overlap,22,8,14,0.946428571428571,0.944419020884709,0.363636363636364
plm4alg,homolog_A,rf_xtrimopglm_10b,0,remove_allertopv2_training_overlap,20,7,13,0.945054945054945,0.937849016435979,0.35
plm4alg,homolog_A,rf_xtrimopglm_10b,0,remove_deepalgpro_training_overlap,15,2,13,0.961538461538462,0.797267445945918,0.133333333333333
plm4alg,homolog_A,rf_xtrimopglm_10b,0,remove_plm4alg_training_overlap,7,0,7,,,
plm4alg,homolog_C,rf_esm2,0,remove_algpred2_training_overlap,224,3,221,1.0,1.0,0.0133928571428571
plm4alg,homolog_C,rf_esm2,0,remove_allergenfp_training_overlap,219,2,217,0.993087557603687,0.665284673028685,0.0091324200913242
plm4alg,homolog_C,rf_esm2,0,remove_allertop_training_overlap,227,4,223,0.995515695067265,0.812466472016611,0.0176211453744493
plm4alg,homolog_C,rf_esm2,0,remove_allertopv2_training_overlap,219,2,217,0.993087557603687,0.665284673028685,0.0091324200913242
plm4alg,homolog_C,rf_esm2,0,remove_deepalgpro_training_overlap,221,1,220,1.0,1.0,0.004524886877828
plm4alg,homolog_C,rf_esm2,0,remove_plm4alg_training_overlap,116,0,116,,,
plm4alg,homolog_C,rf_t5,0,remove_algpred2_training_overlap,224,3,221,1.0,1.0,0.0133928571428571
plm4alg,homolog_C,rf_t5,0,remove_allergenfp_training_overlap,219,2,217,1.0,1.0,0.0091324200913242
plm4alg,homolog_C,rf_t5,0,remove_allertop_training_overlap,227,4,223,1.0,1.0,0.0176211453744493
plm4alg,homolog_C,rf_t5,0,remove_allertopv2_training_overlap,219,2,217,1.0,1.0,0.0091324200913242
plm4alg,homolog_C,rf_t5,0,remove_deepalgpro_training_overlap,221,1,220,1.0,1.0,0.004524886877828
plm4alg,homolog_C,rf_t5,0,remove_plm4alg_training_overlap,116,0,116,,,
plm4alg,homolog_C,rf_xtrimopglm_100b,0,remove_algpred2_training_overlap,224,3,221,1.0,1.0,0.0133928571428571
plm4alg,homolog_C,rf_xtrimopglm_100b,0,remove_allergenfp_training_overlap,219,2,217,1.0,1.0,0.0091324200913242
plm4alg,homolog_C,rf_xtrimopglm_100b,0,remove_allertop_training_overlap,227,4,223,1.0,1.0,0.0176211453744493
plm4alg,homolog_C,rf_xtrimopglm_100b,0,remove_allertopv2_training_overlap,219,2,217,1.0,1.0,0.0091324200913242
plm4alg,homolog_C,rf_xtrimopglm_100b,0,remove_deepalgpro_training_overlap,221,1,220,1.0,1.0,0.004524886877828
plm4alg,homolog_C,rf_xtrimopglm_100b,0,remove_plm4alg_training_overlap,116,0,116,,,
plm4alg,homolog_C,rf_xtrimopglm_10b,0,remove_algpred2_training_overlap,224,3,221,1.0,1.0,0.0133928571428571
plm4alg,homolog_C,rf_xtrimopglm_10b,0,remove_allergenfp_training_overlap,219,2,217,1.0,1.0,0.0091324200913242
plm4alg,homolog_C,rf_xtrimopglm_10b,0,remove_allertop_training_overlap,227,4,223,1.0,1.0,0.0176211453744493
plm4alg,homolog_C,rf_xtrimopglm_10b,0,remove_allertopv2_training_overlap,219,2,217,1.0,1.0,0.0091324200913242
plm4alg,homolog_C,rf_xtrimopglm_10b,0,remove_deepalgpro_training_overlap,221,1,220,1.0,1.0,0.004524886877828
plm4alg,homolog_C,rf_xtrimopglm_10b,0,remove_plm4alg_training_overlap,116,0,116,,,
plm4alg,homolog_S,rf_esm2,0,remove_algpred2_training_overlap,417,12,405,0.997530864197531,0.939433870835278,0.0287769784172662
plm4alg,homolog_S,rf_esm2,0,remove_allergenfp_training_overlap,412,0,412,,,
plm4alg,homolog_S,rf_esm2,0,remove_allertop_training_overlap,416,0,416,,,
plm4alg,homolog_S,rf_esm2,0,remove_allertopv2_training_overlap,412,0,412,,,
plm4alg,homolog_S,rf_esm2,0,remove_deepalgpro_training_overlap,408,4,404,0.993811881188119,0.747983389621598,0.0098039215686274
plm4alg,homolog_S,rf_esm2,0,remove_plm4alg_training_overlap,141,0,141,,,
plm4alg,homolog_S,rf_t5,0,remove_algpred2_training_overlap,417,12,405,0.995679012345679,0.818427571859368,0.0287769784172662
plm4alg,homolog_S,rf_t5,0,remove_allergenfp_training_overlap,412,0,412,,,
plm4alg,homolog_S,rf_t5,0,remove_allertop_training_overlap,416,0,416,,,
plm4alg,homolog_S,rf_t5,0,remove_allertopv2_training_overlap,412,0,412,,,
plm4alg,homolog_S,rf_t5,0,remove_deepalgpro_training_overlap,408,4,404,0.996905940594059,0.852771205429521,0.0098039215686274
plm4alg,homolog_S,rf_t5,0,remove_plm4alg_training_overlap,141,0,141,,,
plm4alg,homolog_S,rf_xtrimopglm_100b,0,remove_algpred2_training_overlap,417,12,405,0.997222222222222,0.897823523249542,0.0287769784172662
plm4alg,homolog_S,rf_xtrimopglm_100b,0,remove_allergenfp_training_overlap,412,0,412,,,
plm4alg,homolog_S,rf_xtrimopglm_100b,0,remove_allertop_training_overlap,416,0,416,,,
plm4alg,homolog_S,rf_xtrimopglm_100b,0,remove_allertopv2_training_overlap,412,0,412,,,
plm4alg,homolog_S,rf_xtrimopglm_100b,0,remove_deepalgpro_training_overlap,408,4,404,0.997524752475248,0.866468607375477,0.0098039215686274
plm4alg,homolog_S,rf_xtrimopglm_100b,0,remove_plm4alg_training_overlap,141,0,141,,,
plm4alg,homolog_S,rf_xtrimopglm_10b,0,remove_algpred2_training_overlap,417,12,405,0.996707818930041,0.890451648760101,0.0287769784172662
plm4alg,homolog_S,rf_xtrimopglm_10b,0,remove_allergenfp_training_overlap,412,0,412,,,
plm4alg,homolog_S,rf_xtrimopglm_10b,0,remove_allertop_training_overlap,416,0,416,,,
plm4alg,homolog_S,rf_xtrimopglm_10b,0,remove_allertopv2_training_overlap,412,0,412,,,
plm4alg,homolog_S,rf_xtrimopglm_10b,0,remove_deepalgpro_training_overlap,408,4,404,0.993193069306931,0.74280955150275,0.0098039215686274
plm4alg,homolog_S,rf_xtrimopglm_10b,0,remove_plm4alg_training_overlap,141,0,141,,,
plm4alg,homolog_T,rf_esm2,0,remove_algpred2_training_overlap,45,3,42,0.682539682539683,0.204626266023424,0.0666666666666667
plm4alg,homolog_T,rf_esm2,0,remove_allergenfp_training_overlap,41,3,38,0.916666666666667,0.336428150193096,0.0731707317073171
plm4alg,homolog_T,rf_esm2,0,remove_allertop_training_overlap,55,3,52,0.884615384615385,0.193517454701001,0.0545454545454545
plm4alg,homolog_T,rf_esm2,0,remove_allertopv2_training_overlap,39,3,36,0.912037037037037,0.336428150193096,0.0769230769230769
plm4alg,homolog_T,rf_esm2,0,remove_deepalgpro_training_overlap,43,1,42,0.964285714285714,0.25,0.0232558139534884
plm4alg,homolog_T,rf_esm2,0,remove_plm4alg_training_overlap,29,0,29,,,
plm4alg,homolog_T,rf_t5,0,remove_algpred2_training_overlap,45,3,42,0.698412698412698,0.288870450708118,0.0666666666666667
plm4alg,homolog_T,rf_t5,0,remove_allergenfp_training_overlap,41,3,38,0.837719298245614,0.312838895297257,0.0731707317073171
plm4alg,homolog_T,rf_t5,0,remove_allertop_training_overlap,55,3,52,0.810897435897436,0.251925874589778,0.0545454545454545
plm4alg,homolog_T,rf_t5,0,remove_allertopv2_training_overlap,39,3,36,0.828703703703704,0.312838895297257,0.0769230769230769
plm4alg,homolog_T,rf_t5,0,remove_deepalgpro_training_overlap,43,1,42,0.964285714285714,0.25,0.0232558139534884
plm4alg,homolog_T,rf_t5,0,remove_plm4alg_training_overlap,29,0,29,,,
plm4alg,homolog_T,rf_xtrimopglm_100b,0,remove_algpred2_training_overlap,45,3,42,0.797619047619048,0.475246495495954,0.0666666666666667
plm4alg,homolog_T,rf_xtrimopglm_100b,0,remove_allergenfp_training_overlap,41,3,38,0.947368421052632,0.555225456736907,0.0731707317073171
plm4alg,homolog_T,rf_xtrimopglm_100b,0,remove_allertop_training_overlap,55,3,52,0.961538461538462,0.555225456736907,0.0545454545454545
plm4alg,homolog_T,rf_xtrimopglm_100b,0,remove_allertopv2_training_overlap,39,3,36,0.944444444444444,0.555225456736907,0.0769230769230769
plm4alg,homolog_T,rf_xtrimopglm_100b,0,remove_deepalgpro_training_overlap,43,1,42,0.988095238095238,0.5,0.0232558139534884
plm4alg,homolog_T,rf_xtrimopglm_100b,0,remove_plm4alg_training_overlap,29,0,29,,,
plm4alg,homolog_T,rf_xtrimopglm_10b,0,remove_algpred2_training_overlap,45,3,42,0.714285714285714,0.35614495920137,0.0666666666666667
plm4alg,homolog_T,rf_xtrimopglm_10b,0,remove_allergenfp_training_overlap,41,3,38,0.929824561403509,0.431100595353899,0.0731707317073171
plm4alg,homolog_T,rf_xtrimopglm_10b,0,remove_allertop_training_overlap,55,3,52,0.935897435897436,0.412506187188467,0.0545454545454545
plm4alg,homolog_T,rf_xtrimopglm_10b,0,remove_allertopv2_training_overlap,39,3,36,0.925925925925926,0.431100595353899,0.0769230769230769
plm4alg,homolog_T,rf_xtrimopglm_10b,0,remove_deepalgpro_training_overlap,43,1,42,0.976190476190476,0.333333333333333,0.0232558139534884
plm4alg,homolog_T,rf_xtrimopglm_10b,0,remove_plm4alg_training_overlap,29,0,29,,,
plm4alg,mutations,rf_esm2,0,remove_algpred2_training_overlap,53,11,42,0.79004329004329,0.479936933774474,0.207547169811321
plm4alg,mutations,rf_esm2,0,remove_allergenfp_training_overlap,43,8,35,0.796428571428571,0.431986660143036,0.186046511627907
plm4alg,mutations,rf_esm2,0,remove_allertop_training_overlap,39,6,33,0.808080808080808,0.433289954732767,0.153846153846154
plm4alg,mutations,rf_esm2,0,remove_allertopv2_training_overlap,39,6,33,0.808080808080808,0.433289954732767,0.153846153846154
plm4alg,mutations,rf_esm2,0,remove_deepalgpro_training_overlap,54,12,42,0.77281746031746,0.473877309182561,0.222222222222222
plm4alg,mutations,rf_esm2,0,remove_plm4alg_training_overlap,42,6,36,0.800925925925926,0.424266106873439,0.142857142857143
plm4alg,mutations,rf_t5,0,remove_algpred2_training_overlap,53,11,42,0.760822510822511,0.441377071698564,0.207547169811321
plm4alg,mutations,rf_t5,0,remove_allergenfp_training_overlap,43,8,35,0.725,0.352574846554586,0.186046511627907
plm4alg,mutations,rf_t5,0,remove_allertop_training_overlap,39,6,33,0.689393939393939,0.252974484863882,0.153846153846154
plm4alg,mutations,rf_t5,0,remove_allertopv2_training_overlap,39,6,33,0.689393939393939,0.252974484863882,0.153846153846154
plm4alg,mutations,rf_t5,0,remove_deepalgpro_training_overlap,54,12,42,0.741071428571429,0.43853158957354,0.222222222222222
plm4alg,mutations,rf_t5,0,remove_plm4alg_training_overlap,42,6,36,0.659722222222222,0.200339232625798,0.142857142857143
plm4alg,mutations,rf_xtrimopglm_100b,0,remove_algpred2_training_overlap,53,11,42,0.8495670995671,0.585590702343072,0.207547169811321
plm4alg,mutations,rf_xtrimopglm_100b,0,remove_allergenfp_training_overlap,43,8,35,0.85,0.484263789970134,0.186046511627907
plm4alg,mutations,rf_xtrimopglm_100b,0,remove_allertop_training_overlap,39,6,33,0.838383838383838,0.401352322058374,0.153846153846154
plm4alg,mutations,rf_xtrimopglm_100b,0,remove_allertopv2_training_overlap,39,6,33,0.838383838383838,0.401352322058374,0.153846153846154
plm4alg,mutations,rf_xtrimopglm_100b,0,remove_deepalgpro_training_overlap,54,12,42,0.828373015873016,0.572051849767567,0.222222222222222
plm4alg,mutations,rf_xtrimopglm_100b,0,remove_plm4alg_training_overlap,42,6,36,0.833333333333333,0.388338571786478,0.142857142857143
plm4alg,mutations,rf_xtrimopglm_10b,0,remove_algpred2_training_overlap,53,11,42,0.864718614718615,0.633570866035209,0.207547169811321
plm4alg,mutations,rf_xtrimopglm_10b,0,remove_allergenfp_training_overlap,43,8,35,0.857142857142857,0.583051237467352,0.186046511627907
plm4alg,mutations,rf_xtrimopglm_10b,0,remove_allertop_training_overlap,39,6,33,0.848484848484849,0.456309528586955,0.153846153846154
plm4alg,mutations,rf_xtrimopglm_10b,0,remove_allertopv2_training_overlap,39,6,33,0.848484848484849,0.456309528586955,0.153846153846154
plm4alg,mutations,rf_xtrimopglm_10b,0,remove_deepalgpro_training_overlap,54,12,42,0.804563492063492,0.598098911718209,0.222222222222222
plm4alg,mutations,rf_xtrimopglm_10b,0,remove_plm4alg_training_overlap,42,6,36,0.833333333333333,0.533273751047255,0.142857142857143
